Código OACI,CIAD,Nome,Município,UF,Município Servido,UF Servido,LATGEOPOINT,LONGEOPOINT,Latitude,Longitude,Altitude
SBRB,AC0001,Plácido de Castro,RIO BRANCO,Acre,Rio Branco,Acre,-9.8683333,-67.898056,"09°52'06.0""S","067°53'53.0""W","193,0"
SNGA,ES0007,Guarapari,GUARAPARI,Espírito Santo,Guarapari,Espírito Santo,-20.646389,-40.491667,"20°38'47.0""S","040°29'30.0""W","9,0"
SBIZ,MA0002,Prefeito Renato Moreira,IMPERATRIZ,Maranhão,Imperatriz,Maranhão,-5.5305556,-47.458333,"05°31'50.0""S","047°27'30.0""W","131,0"
SBPC,MG0018,Embaixador Walther Moreira Salles,POÇOS DE CALDAS,Minas Gerais,Poços de Caldas,Minas Gerais,-21.837778,-46.566111,"21°50'16.0""S","046°33'58.0""W","1261,0"
SSCD,MS0007,Chapadão do Sul,CHAPADÃO DO SUL,Mato Grosso do Sul,Chapadão do Sul,Mato Grosso do Sul,-18.839167,-52.488056,"18°50'21.0""S","052°29'17.0""W","817,0"
SBBE,PA0001,Aeroporto Internacional de Bélem,BELÉM,Pará,Belém,Pará,-1.3847222,-48.478889,"01°23'05.0""S","048°28'44.0""W","17,0"
SBKG,PB0003,Presidente João Suassuna,CAMPINA GRANDE,Paraíba,Campina Grande,Paraíba,-7.2691667,-35.895,"07°16'09.0""S","035°53'42.0""W","502,0"
SBCA,PR0005,Coronel Adalberto Mendes da Silva,CASCAVEL,Paraná,Cascavel,Paraná,-25.002222,-53.501944,"25°00'08.0""S","053°30'07.0""W","759,0"
SSNG,RS0046,Montenegro,MONTENEGRO,Rio Grande do Sul,Montenegro,Rio Grande do Sul,-29.719722,-51.488889,"29°43'11.0""S","051°29'20.0""W","24,0"
SIMK,SP0011,Tenente Lund Pressoto,FRANCA,São Paulo,Franca,São Paulo,-20.590278,-47.3825,"20°35'25.0""S","047°22'57.0""W","1003,0"
SBML,SP0014,Frank Miloye Milenkovich,MARÍLIA,São Paulo,Marília,São Paulo,-22.195556,-49.926944,"22°11'44.0""S","049°55'37.0""W","650,0"
SNWC,CE0011,Camocim,CAMOCIM,Ceará,Camocim,Ceará,-2.8958333,-40.858889,"02°53'45.0""S","040°51'32.0""W","14,0"
SBJP,PB0001,Presidente Castro Pinto,BAYEUX,Paraíba,João Pessoa,Paraíba,-7.1483333,-34.950278,"07°08'54.0""S","034°57'01.0""W","66,0"
SBMO,AL0001,Zumbi dos Palmares,MACEIÓ,Alagoas,Maceió,Alagoas,-9.5108333,-35.791667,"09°30'39.0""S","035°47'30.0""W","118,0"
SJAU,TO0007,Araguacema,ARAGUACEMA,Tocantins,Araguacema,Tocantins,-8.8377778,-49.557778,"08°50'16.0""S","049°33'28.0""W","207,0"
SSKM,PR0017,Campo Mourão,CAMPO MOURÃO,Paraná,Campo Mourão,Paraná,-24.0025,-52.356944,"24°00'09.0""S","052°21'25.0""W","574,0"
SWNS,GO0004,Anápolis,ANÁPOLIS,Goiás,Anápolis,Goiás,-16.3625,-48.928056,"16°21'45.0""S","048°55'41.0""W","1112,0"
SNGX,MG0023,Guaxupé,GUAXUPÉ,Minas Gerais,Guaxupé,Minas Gerais,-21.326667,-46.730278,"21°19'36.0""S","046°43'49.0""W","849,0"
SBGL,RJ0001,RIo de Janeiro/Galeão - Antônio Carlos Jobim,RIO DE JANEIRO,Rio de Janeiro,Rio de Janeiro,Rio de Janeiro,-22.81,-43.250556,"22°48'36.0""S","043°15'02.0""W","9,0"
SBCF,MG0001,Tancredo Neves,CONFINS,Minas Gerais,Belo Horizonte,Minas Gerais,-19.624444,-43.971944,"19°37'28.0""S","043°58'19.0""W","829,0"
SBAE,SP0010,Bauru/Arealva,AREALVA,São Paulo,Bauru,São Paulo,-22.157778,-49.068333,"22°09'28.0""S","049°04'06.0""W","598,0"
SBMG,PR0004,Silvio Name Júnior,MARINGÁ,Paraná,Maringá,Paraná,-23.479444,-52.012222,"23°28'46.0""S","052°00'44.0""W","549,0"
SNQG,PI0003,Cangapara,FLORIANO,Piauí,Floriano,Piauí,-6.8461111,-43.078056,"06°50'46.0""S","043°04'41.0""W","210,0"
SSKG,MS0003,Estância Santa Maria,CAMPO GRANDE,Mato Grosso do Sul,Campo Grande,Mato Grosso do Sul,-20.505556,-54.524722,"20°30'20.0""S","054°31'29.0""W","618,0"
SNIC,BA0019,Irecê,IRECÊ,Bahia,Irecê,Bahia,-11.34,-41.846944,"11°20'24.0""S","041°50'49.0""W","784,0"
SBPP,MS0005,Aeroporto Internacional de Ponta Porã,PONTA PORÃ,Mato Grosso do Sul,Ponta Porã,Mato Grosso do Sul,-22.549722,-55.703056,"22°32'59.0""S","055°42'11.0""W","657,0"
SNTS,PB0005,Patos,PATOS,Paraíba,Patos,Paraíba,-7.0377778,-37.2575,"07°02'16.0""S","037°15'27.0""W","265,0"
SNKK,RN0005,Caicó,CAICÓ,Rio Grande do Norte,Caicó,Rio Grande do Norte,-6.4391667,-37.078056,"06°26'21.0""S","037°04'41.0""W","182,0"
SBCX,RS0007,Hugo Cantergiani,CAXIAS DO SUL,Rio Grande do Sul,Caxias do Sul,Rio Grande do Sul,-29.195556,-51.189722,"29°11'44.0""S","051°11'23.0""W","754,0"
SBBG,RS0010,Comandante Gustavo Kraemer,BAGÉ,Rio Grande do Sul,Bagé,Rio Grande do Sul,-31.390833,-54.109722,"31°23'27.0""S","054°06'35.0""W","186,0"
SSCN,RS0019,Canela,CANELA,Rio Grande do Sul,Canela,Rio Grande do Sul,-29.370556,-50.832222,"29°22'14.0""S","050°49'56.0""W","837,0"
SSIM,SC0009,Forquilhinha-Criciúma,FORQUILHINHA,Santa Catarina,Forquilhinha,Santa Catarina,-28.724444,-49.421111,"28°43'28.0""S","049°25'16.0""W","28,0"
SDPW,SP0041,Pedro Morganti,PIRACICABA,São Paulo,Piracicaba,São Paulo,-22.711944,-47.618056,"22°42'43.0""S","047°37'05.0""W","584,0"
SSKU,SC0016,Lauro Antônio da Costa,CURITIBANOS,Santa Catarina,Curitibanos,Santa Catarina,-27.287222,-50.603889,"27°17'14.0""S","050°36'14.0""W","978,0"
SSAP,PR0014,Capitão João Busse,APUCARANA,Paraná,Apucarana,Paraná,-23.612222,-51.385,"23°36'44.0""S","051°23'06.0""W","800,0"
SBPA,RS0001,Salgado Filho,PORTO ALEGRE,Rio Grande do Sul,Porto Alegre,Rio Grande do Sul,-29.994722,-51.171111,"29°59'41.0""S","051°10'16.0""W","4,0"
SBNM,RS0008,Santo Ângelo,SANTO ÂNGELO,Rio Grande do Sul,Santo Ângelo,Rio Grande do Sul,-28.281667,-54.168333,"28°16'54.0""S","054°10'06.0""W","322,0"
SNAL,AL0003,Arapiraca,ARAPIRACA,Alagoas,Arapiraca,Alagoas,-9.7763889,-36.630556,"09°46'35.0""S","036°37'50.0""W","270,0"
SWPZ,GO0010,Ouriçanga de Abreu,POSSE,Goiás,Posse,Goiás,-14.118056,-46.345278,"14°07'05.0""S","046°20'43.0""W","841,0"
SBSV,BA0001,Deputado Luis Eduardo Magalhães-Intl,SALVADOR,Bahia,Salvador,Bahia,-12.908611,-38.3225,"12°54'31.0""S","038°19'21.0""W","20,0"
SBSO,MT0005,Regional de Sorriso Adolino Bedin,SORRISO,Mato Grosso,Sorriso,Mato Grosso,-12.472778,-55.668889,"12°28'22.0""S","055°40'08.0""W","386,0"
SBGR,SP0002,Guarulhos - Governador André Franco Montoro,GUARULHOS,São Paulo,Guarulhos,São Paulo,-23.435556,-46.473056,"23°26'08.0""S","046°28'23.0""W","750,0"
SBJH,SP1176,São Paulo Catarina Aeroporto Executivo,SÃO ROQUE,São Paulo,São Roque,São Paulo,-23.426944,-47.165833,"23°25'37.0""S","047°09'57.0""W","777,0"
SBMS,RN0002,Dix-Sept Rosado,MOSSORÓ,Rio Grande do Norte,Mossoró,Rio Grande do Norte,-5.1958333,-37.361667,"05°11'45.0""S","037°21'42.0""W","23,0"
SWBE,CE0006,Walfrido Samito de Almeida,SÃO BENEDITO,Ceará,São Benedito,Ceará,-4.0427778,-40.893889,"04°02'34.0""S","040°53'38.0""W","884,0"
SDDN,SP0020,Paulino Ribeiro de Andrade,ANDRADINA,São Paulo,Andradina,São Paulo,-20.925,-51.381944,"20°55'30.0""S","051°22'55.0""W","380,0"
SNKI,ES0006,Aeródromo de Cachoeiro do Itapemirim,CACHOEIRO DE ITAPEMIRIM,Espírito Santo,Cachoeiro de Itapemirim,Espírito Santo,-20.835278,-41.186389,"20°50'07.0""S","041°11'11.0""W","78,0"
SBDB,MS0004,Aeródromo Público de Bonito,BONITO,Mato Grosso do Sul,Bonito,Mato Grosso do Sul,-21.247222,-56.4525,"21°14'50.0""S","056°27'09.0""W","334,0"
SNVI,MG0035,Mello Viana,TRÊS CORAÇÕES,Minas Gerais,Três Corações,Minas Gerais,-21.789167,-45.268056,"21°47'21.0""S","045°16'05.0""W","976,0"
SSLN,SC0018,Helmuth Baungartem,LONTRAS,Santa Catarina,Lontras,Santa Catarina,-27.159722,-49.542778,"27°09'35.0""S","049°32'34.0""W","334,0"
SNTF,BA0016,Teixeira de Freitas,TEIXEIRA DE FREITAS,Bahia,Teixeira de Freitas,Bahia,-17.524444,-39.668333,"17°31'28.0""S","039°40'06.0""W","105,0"
SBAC,CE0004,Aeroporto Regional de Canoa Quebrada Dragão do Mar,ARACATI,Ceará,Aracati,Ceará,-4.5686111,-37.804722,"04°34'07.0""S","037°48'17.0""W","36,0"
SBVT,ES0001,Eurico de Aguiar Salles,VITÓRIA,Espírito Santo,Vitória,Espírito Santo,-20.258056,-40.286389,"20°15'29.0""S","040°17'11.0""W","3,0"
SBSL,MA0001,Marechal Cunha Machado Internacional,SÃO LUÍS,Maranhão,São Luís,Maranhão,-2.5869444,-44.236111,"02°35'13.0""S","044°14'10.0""W","54,0"
SBZM,MG0006,Presidente Itamar Franco,GOIANÁ,Minas Gerais,Goianá,Minas Gerais,-21.513056,-43.173056,"21°30'47.0""S","043°10'23.0""W","412,0"
SBTD,PR0008,Luiz Dalcanale Filho,TOLEDO,Paraná,Toledo,Paraná,-24.685278,-53.696389,"24°41'07.0""S","053°41'47.0""W","562,0"
SWPM,RO0009,Pimenta Bueno,PIMENTA BUENO,Rondônia,Pimenta Bueno,Rondônia,-11.641667,-61.181111,"11°38'30.0""S","061°10'52.0""W","208,0"
SNAX,SP0016,Marcelo Pires Halzhausen,ASSIS,São Paulo,Assis,São Paulo,-22.64,-50.453056,"22°38'24.0""S","050°27'11.0""W","564,0"
SBBU,SP0017,Bauru,BAURU,São Paulo,Bauru,São Paulo,-22.343611,-49.053889,"22°20'37.0""S","049°03'14.0""W","617,0"
SDDR,SP0021,Dracena,DRACENA,São Paulo,Dracena,São Paulo,-21.460556,-51.606944,"21°27'38.0""S","051°36'25.0""W","372,0"
SBJD,SP0031,Comandante Rolim Adolfo Amaro,JUNDIAÍ,São Paulo,Jundiaí,São Paulo,-23.181667,-46.943611,"23°10'54.0""S","046°56'37.0""W","753,0"
SNFU,MG0063,Frutal,FRUTAL,Minas Gerais,Frutal,Minas Gerais,-20.004722,-48.958889,"20°00'17.0""S","048°57'32.0""W","549,0"
SBCZ,AC0002,Cruzeiro do Sul / Cruzeiro do Sul - Internacional,CRUZEIRO DO SUL,Acre,Cruzeiro do Sul,Acre,-7.5994444,-72.769444,"07°35'58.0""S","072°46'10.0""W","194,0"
SBFI,PR0002,Cataratas,FOZ DO IGUAÇU,Paraná,Foz do Iguaçu,Paraná,-25.600278,-54.485,"25°36'01.0""S","054°29'06.0""W","240,0"
SWHP,MT0006,Frederico Carlos Müller,ÁGUA BOA,Mato Grosso,Água Boa,Mato Grosso,-14.019722,-52.151944,"14°01'11.0""S","052°09'07.0""W","450,0"
SBJI,RO0005,Ji-Paraná,JI-PARANÁ,Rondônia,Ji-Paraná,Rondônia,-10.870556,-61.846667,"10°52'14.0""S","061°50'48.0""W","182,0"
SNBR,BA0011,Dom Ricardo Weberberger,BARREIRAS,Bahia,Barreiras,Bahia,-12.079167,-45.009444,"12°04'45.0""S","045°00'34.0""W","747,0"
SBAT,MT0003,Aeroporto Piloto Osvaldo Marques Dias,ALTA FLORESTA,Mato Grosso,Alta Floresta,Mato Grosso,-9.8663889,-56.105,"09°51'59.0""S","056°06'18.0""W","289,0"
SBTF,AM0004,Tefé,TEFÉ,Amazonas,Tefé,Amazonas,-3.3802778,-64.725278,"03°22'49.0""S","064°43'31.0""W","57,0"
SWPI,AM0006,Parintins,PARINTINS,Amazonas,Parintins,Amazonas,-2.6694444,-56.771111,"02°40'10.0""S","056°46'16.0""W","26,0"
SBMK,MG0004,Mário Ribeiro,MONTES CLAROS,Minas Gerais,Montes Claros,Minas Gerais,-16.706111,-43.821944,"16°42'22.0""S","043°49'19.0""W","668,0"
SBAX,MG0008,Romeu Zema,ARAXÁ,Minas Gerais,Araxá,Minas Gerais,-19.560556,-46.965556,"19°33'38.0""S","046°57'56.0""W","999,0"
SNOS,MG0024,José Figueiredo,PASSOS,Minas Gerais,Passos,Minas Gerais,-20.733333,-46.659722,"20°44'00.0""S","046°39'35.0""W","822,0"
SNAE,PE0007,Arcoverde,ARCOVERDE,Pernambuco,Arcoverde,Pernambuco,-8.4077778,-37.088333,"08°24'28.0""S","037°05'18.0""W","634,0"
SDPN,SP0024,Aeroporto Estadual Dr. Ramalho Franco,PENÁPOLIS,São Paulo,Penápolis,São Paulo,-21.410278,-50.031944,"21°24'37.0""S","050°01'55.0""W","418,0"
SDNO,SP0061,Nelson Garófalo,SÃO MANUEL,São Paulo,São Manuel,São Paulo,-22.696111,-48.576111,"22°41'46.0""S","048°34'34.0""W","734,0"
SWLC,GO0009,General Leite de Castro,RIO VERDE,Goiás,Rio Verde,Goiás,-17.834722,-50.956111,"17°50'05.0""S","050°57'22.0""W","751,0"
SBKP,SP0003,Viracopos,CAMPINAS,São Paulo,Campinas,São Paulo,-23.006944,-47.134444,"23°00'25.0""S","047°08'04.0""W","661,0"
SJRG,RS0013,Regional de Rio Grande,RIO GRANDE,Rio Grande do Sul,Rio Grande,Rio Grande do Sul,-32.083333,-52.1675,"32°05'00.0""S","052°10'03.0""W","8,0"
SNXB,MG0025,Caxambu,CAXAMBU,Minas Gerais,Caxambu,Minas Gerais,-21.9175,-44.969444,"21°55'03.0""S","044°58'10.0""W","865,0"
SBFL,SC0001,Hercílio Luz,FLORIANÓPOLIS,Santa Catarina,Florianópolis,Santa Catarina,-27.670278,-48.5525,"27°40'13.0""S","048°33'09.0""W","5,0"
SBPG,PR0012,Comandante Antônio Amilton Beraldo,PONTA GROSSA,Paraná,Ponta Grossa,Paraná,-25.184444,-50.143889,"25°11'04.0""S","050°08'38.0""W","789,0"
SBCG,MS0001,Campo Grande Internacional,CAMPO GRANDE,Mato Grosso do Sul,Campo Grande,Mato Grosso do Sul,-20.469444,-54.670278,"20°28'10.0""S","054°40'13.0""W","559,0"
SNGN,PE0006,Garanhuns,GARANHUNS,Pernambuco,Garanhuns,Pernambuco,-8.8344444,-36.471389,"08°50'04.0""S","036°28'17.0""W","759,0"
SDJV,SP0035,Municipal de São João da Boa Vista,SÃO JOÃO DA BOA VISTA,São Paulo,São João da Boa Vista,São Paulo,-22.016667,-46.840556,"22°01'00.0""S","046°50'26.0""W","762,0"
SBJU,CE0002,Orlando Bezerra de Menezes,JUAZEIRO DO NORTE,Ceará,Juazeiro do Norte,Ceará,-7.2191667,-39.269444,"07°13'09.0""S","039°16'10.0""W","409,0"
SBRD,MT0004,Rondonópolis - Maestro Marinho Franco,RONDONÓPOLIS,Mato Grosso,Rondonópolis,Mato Grosso,-16.588056,-54.721667,"16°35'17.0""S","054°43'18.0""W","447,0"
SBME,RJ0004,Macaé,MACAÉ,Rio de Janeiro,Macaé,Rio de Janeiro,-22.342778,-41.763889,"22°20'34.0""S","041°45'50.0""W","2,0"
SNHS,PE0005,Santa Magalhães,SERRA TALHADA,Pernambuco,Serra Talhada,Pernambuco,-8.0613889,-38.328611,"08°03'41.0""S","038°19'43.0""W","470,0"
SBUF,BA0007,Paulo Afonso,PAULO AFONSO,Bahia,Paulo Afonso,Bahia,-9.4011111,-38.251111,"09°24'04.0""S","038°15'04.0""W","269,0"
SDIY,BA0013,João Durval Carneiro,FEIRA DE SANTANA,Bahia,Feira de Santana,Bahia,-12.200556,-38.906389,"12°12'02.0""S","038°54'23.0""W","238,0"
SNMX,ES0003,Aeródromo Público de São Mateus,SÃO MATEUS,Espírito Santo,São Mateus,Espírito Santo,-18.721389,-39.833611,"18°43'17.0""S","039°50'01.0""W","30,0"
SBBW,MT0008,Barra do Garças,BARRA DO GARÇAS,Mato Grosso,Barra do Garças,Mato Grosso,-15.860833,-52.389444,"15°51'39.0""S","052°23'22.0""W","350,0"
SBNF,SC0002,Navegantes / Ministro Victor Konder - Internacional,NAVEGANTES,Santa Catarina,Navegantes,Santa Catarina,-26.878611,-48.650833,"26°52'43.0""S","048°39'03.0""W","5,0"
SBJV,SC0004,Lauro Carneiro de Loyola,JOINVILLE,Santa Catarina,Joinville,Santa Catarina,-26.223056,-48.797778,"26°13'23.0""S","048°47'52.0""W","5,0"
SBSP,SP0001,Congonhas,SÃO PAULO,São Paulo,São Paulo,São Paulo,-23.626111,-46.656389,"23°37'34.0""S","046°39'23.0""W","802,0"
SBMT,SP0007,Campo de Marte,SÃO PAULO,São Paulo,São Paulo,São Paulo,-23.506667,-46.633889,"23°30'24.0""S","046°38'02.0""W","722,0"
SBAQ,SP0012,Bartolomeu de Gusmão,ARARAQUARA,São Paulo,Araraquara,São Paulo,-21.804444,-48.140278,"21°48'16.0""S","048°08'25.0""W","711,0"
SWXQ,SP0015,Lins,LINS,São Paulo,Lins,São Paulo,-21.662778,-49.731111,"21°39'46.0""S","049°43'52.0""W","480,0"
SWGN,TO0002,Araguaína,ARAGUAÍNA,Tocantins,Araguaína,Tocantins,-7.2283333,-48.240833,"07°13'42.0""S","048°14'27.0""W","235,0"
SNCP,SC0181,Aeroporto Regional do Planalto Serrano,CORREIA PINTO,Santa Catarina,Lages,Santa Catarina,-27.634167,-50.358333,"27°38'03.0""S","050°21'30.0""W","880,0"
SSOE,SC0015,Hélio Wasum,DESCANSO,Santa Catarina,São Miguel do Oeste,Santa Catarina,-26.781111,-53.503333,"26°46'52.0""S","053°30'12.0""W","665,0"
SBPL,PE0002,Aeroporto Internacional Senador Nilo Coelho,PETROLINA,Pernambuco,Petrolina,Pernambuco,-9.3675,-40.563611,"09°22'03.0""S","040°33'49.0""W","384,0"
SDZG,CE0008,Pedro Teixeira Castelo Regional Tauá,TAUÁ,Ceará,Tauá,Ceará,-5.9333333,-40.2975,"05°56'00.0""S","040°17'51.0""W","444,0"
SDIM,SP0033,Dr. Antonio Ribeiro Nogueira Júnior,ITANHAÉM,São Paulo,Itanhaém,São Paulo,-24.164722,-46.785556,"24°09'53.0""S","046°47'08.0""W","3,0"
SBJE,CE0003,Comandante Ariston Pessoa,CRUZ,Ceará,Cruz,Ceará,-2.9066667,-40.358056,"02°54'24.0""S","040°21'29.0""W","27,0"
SBSG,RN0001,Aeroporto Internacional do Rio Grande do Norte / São Gonçalo do Amarante - Governador Aluizio Alves,SÃO GONÇALO DO AMARANTE,Rio Grande do Norte,Natal,Rio Grande do Norte,-5.7688889,-35.366389,"05°46'08.0""S","035°21'59.0""W","83,0"
SNCX,ES0004,Colatina,COLATINA,Espírito Santo,Colatina,Espírito Santo,-19.4875,-40.579444,"19°29'15.0""S","040°34'46.0""W","153,0"
SDCO,SP0027,Sorocaba,SOROCABA,São Paulo,Sorocaba,São Paulo,-23.477778,-47.49,"23°28'40.0""S","047°29'24.0""W","635,0"
SBBH,MG0003,Pampulha - Carlos Drummond de Andrade,BELO HORIZONTE,Minas Gerais,Belo Horizonte,Minas Gerais,-19.851944,-43.950556,"19°51'07.0""S","043°57'02.0""W","789,0"
SBVG,MG0019,Major Brigadeiro Trompowsky,VARGINHA,Minas Gerais,Varginha,Minas Gerais,-21.588889,-45.473333,"21°35'20.0""S","045°28'24.0""W","922,0"
SBGV,MG0032,Coronel Altino Machado,GOVERNADOR VALADARES,Minas Gerais,Governador Valadares,Minas Gerais,-18.896944,-41.986111,"18°53'49.0""S","041°59'10.0""W","171,0"
SBSI,MT0002,Presidente João Batista Figueiredo,SINOP,Mato Grosso,Sinop,Mato Grosso,-11.885,-55.586111,"11°53'06.0""S","055°35'10.0""W","374,0"
SBMA,PA0004,João Corrêa da Rocha,MARABÁ,Pará,Marabá,Pará,-5.3680556,-49.138056,"05°22'05.0""S","049°08'17.0""W","109,0"
SBLO,PR0003,Governador José Richa,LONDRINA,Paraná,Londrina,Paraná,-23.330278,-51.136667,"23°19'49.0""S","051°08'12.0""W","569,0"
SSFB,PR0021,Paulo Abdala,FRANCISCO BELTRÃO,Paraná,Francisco Beltrão,Paraná,-26.058889,-53.063333,"26°03'32.0""S","053°03'48.0""W","640,0"
SBRJ,RJ0002,Santos Dumont,RIO DE JANEIRO,Rio de Janeiro,Rio de Janeiro,Rio de Janeiro,-22.91,-43.1625,"22°54'36.0""S","043°09'45.0""W","3,0"
SNKR,PI0012,Corrente,CORRENTE,Piauí,Corrente,Piauí,-10.451944,-45.136389,"10°27'07.0""S","045°08'11.0""W","473,0"
SBCB,RJ0003,Cabo Frio,CABO FRIO,Rio de Janeiro,Cabo Frio,Rio de Janeiro,-22.920833,-42.071389,"22°55'15.0""S","042°04'17.0""W","7,0"
SBJA,SC0005,Regional Sul,JAGUARUNA,Santa Catarina,Jaguaruna,Santa Catarina,-28.675278,-49.060278,"28°40'31.0""S","049°03'37.0""W","35,0"
SBSR,SP0006,Professor Eriberto Manoel Reino,SÃO JOSÉ DO RIO PRETO,São Paulo,São José do Rio Preto,São Paulo,-20.816111,-49.404722,"20°48'58.0""S","049°24'17.0""W","544,0"
SBSJ,SP0008,Professor Urbano Erenesto Stumpf,SÃO JOSÉ DOS CAMPOS,São Paulo,São José dos Campos,São Paulo,-23.228889,-45.871111,"23°13'44.0""S","045°52'16.0""W","647,0"
SDOU,SP0023,Jornalista Benedito Pimentel,OURINHOS,São Paulo,Ourinhos,São Paulo,-22.973611,-49.911389,"22°58'25.0""S","049°54'41.0""W","462,0"
SBBP,SP0036,Estadual Arthur Siqueira,BRAGANÇA PAULISTA,São Paulo,Bragança Paulista,São Paulo,-22.979167,-46.5375,"22°58'45.0""S","046°32'15.0""W","893,0"
SDPE,TO0003,Porto Nacional,PORTO NACIONAL,Tocantins,Porto Nacional,Tocantins,-10.716944,-48.400278,"10°43'01.0""S","048°24'01.0""W","265,0"
SNPY,MG0013,São Sebastião do Paraíso,SÃO SEBASTIÃO DO PARAÍSO,Minas Gerais,São Sebastião do Paraíso,Minas Gerais,-20.948333,-46.983056,"20°56'54.0""S","046°58'59.0""W","950,0"
SNOB,CE0013,Aeródromo Público de Sobral,SOBRAL,Ceará,Sobral,Ceará,-3.6788889,-40.336667,"03°40'44.0""S","040°20'12.0""W","64,0"
SSZR,RS0027,Luis Alberto Lehr,SANTA ROSA,Rio Grande do Sul,Santa Rosa,Rio Grande do Sul,-27.908889,-54.522222,"27°54'32.0""S","054°31'20.0""W","309,0"
SBJF,MG0016,Francisco de Assis,JUIZ DE FORA,Minas Gerais,Juiz de Fora,Minas Gerais,-21.793056,-43.385556,"21°47'35.0""S","043°23'08.0""W","911,0"
SDAI,SP0047,Americana,AMERICANA,São Paulo,Americana,São Paulo,-22.755278,-47.268056,"22°45'19.0""S","047°16'05.0""W","611,0"
SBCY,MT0001,Marechal Rondon,VÁRZEA GRANDE,Mato Grosso,Cuiabá,Mato Grosso,-15.65,-56.1175,"15°39'00.0""S","056°07'03.0""W","188,0"
SNJR,MG0034,Prefeito Octávio de Almeida Neves,SÃO JOÃO DEL REI,Minas Gerais,São João Del Rei,Minas Gerais,-21.085556,-44.225278,"21°05'08.0""S","044°13'31.0""W","945,0"
SNDV,MG0015,Brigadeiro Antônio Cabral,DIVINÓPOLIS,Minas Gerais,Divinópolis,Minas Gerais,-20.181944,-44.87,"20°10'55.0""S","044°52'12.0""W","795,0"
SNVB,BA0008,Valença,VALENÇA,Bahia,Valença,Bahia,-13.296389,-38.9925,"13°17'47.0""S","038°59'33.0""W","5,0"
SNPD,MG0010,Patos de Minas,PATOS DE MINAS,Minas Gerais,Patos de Minas,Minas Gerais,-18.672222,-46.491389,"18°40'20.0""S","046°29'29.0""W","851,0"
SBDO,MS0008,Dourados,DOURADOS,Mato Grosso do Sul,Dourados,Mato Grosso do Sul,-22.200556,-54.925556,"22°12'02.0""S","054°55'32.0""W","458,0"
SBCJ,PA0006,Carajás,PARAUAPEBAS,Pará,Parauapebas,Pará,-6.1152778,-50.001389,"06°06'55.0""S","050°00'05.0""W","629,0"
SJZA,PB0004,Pedro Vieira Moreira,CAJAZEIRAS,Paraíba,Cajazeiras,Paraíba,-6.8827778,-38.615833,"06°52'58.0""S","038°36'57.0""W","335,0"
SSGG,PR0009,Aeroporto Regional de Guarapuava - Tancredo Thomás de Faria,GUARAPUAVA,Paraná,Guarapuava,Paraná,-25.388333,-51.523611,"25°23'18.0""S","051°31'25.0""W","1065,0"
SBPO,PR0018,Aeroporto Regional de Pato Branco -  Professor Juvenal Loureiro Cardoso,PATO BRANCO,Paraná,Pato Branco,Paraná,-26.217222,-52.694444,"26°13'02.0""S","052°41'40.0""W","823,0"
SSOG,PR0027,Arapongas,ARAPONGAS,Paraná,Arapongas,Paraná,-23.355833,-51.490833,"23°21'21.0""S","051°29'27.0""W","792,0"
SBJR,RJ0005,Jacarepaguá - Roberto Marinho,RIO DE JANEIRO,Rio de Janeiro,Rio de Janeiro,Rio de Janeiro,-22.9875,-43.37,"22°59'15.0""S","043°22'12.0""W","3,0"
SBCP,RJ0006,Bartolomeu Lisandro,CAMPOS DOS GOYTACAZES,Rio de Janeiro,Campos dos Goytacazes,Rio de Janeiro,-21.701111,-41.307778,"21°42'04.0""S","041°18'28.0""W","17,0"
SBPK,RS0005,João Simões Lopes Neto,PELOTAS,Rio Grande do Sul,Pelotas,Rio Grande do Sul,-31.716111,-52.331111,"31°42'58.0""S","052°19'52.0""W","18,0"
SSCK,SC0010,Olavo Cecco Rigon,CONCÓRDIA,Santa Catarina,Concórdia,Santa Catarina,-27.180556,-52.051111,"27°10'50.0""S","052°03'04.0""W","751,0"
SDLP,SP0034,Municipal José Boso,LENÇÓIS PAULISTA,São Paulo,Lençóis Paulista,São Paulo,-22.578333,-48.774444,"22°34'42.0""S","048°46'28.0""W","621,0"
SBGM,RO0006,Guajará-Mirim,GUAJARÁ-MIRIM,Rondônia,Guajará-Mirim,Rondônia,-10.788333,-65.281667,"10°47'18.0""S","065°16'54.0""W","146,0"
SWWA,GO0012,Porangatu,PORANGATU,Goiás,Porangatu,Goiás,-13.404444,-49.157222,"13°24'16.0""S","049°09'26.0""W","366,0"
SWKT,GO0015,Catalão,CATALÃO,Goiás,Catalão,Goiás,-18.216944,-47.899444,"18°13'01.0""S","047°53'58.0""W","802,0"
SBIH,PA0010,Itaituba,ITAITUBA,Pará,Itaituba,Pará,-4.2422222,-56.000833,"04°14'32.0""S","056°00'03.0""W","33,0"
SBEG,AM0001,Eduardo Gomes,MANAUS,Amazonas,Manaus,Amazonas,-3.0411111,-60.050556,"03°02'28.0""S","060°03'02.0""W","80,0"
SBCT,PR0001,Aeroporto Internacional Afonso Pena,SÃO JOSÉ DOS PINHAIS,Paraná,Curitiba,Paraná,-25.531667,-49.176111,"25°31'54.0""S","049°10'34.0""W","911,0"
SBIL,BA0004,Bahia - Jorge Amado,ILHÉUS,Bahia,Ilhéus,Bahia,-14.815,-39.033333,"14°48'54.0""S","039°02'00.0""W","4,0"
SSOL,MG0027,Padre Israel (Israel Batista de Carvalho),LAVRAS,Minas Gerais,Lavras,Minas Gerais,-21.240556,-44.964167,"21°14'26.0""S","044°57'51.0""W","959,0"
SDBK,SP0019,Tancredo de Almeida Neves,BOTUCATU,São Paulo,Botucatu,São Paulo,-22.936667,-48.4675,"22°56'12.0""S","048°28'03.0""W","918,0"
SDRK,SP0049,Rio Claro,RIO CLARO,São Paulo,Rio Claro,São Paulo,-22.431667,-47.5625,"22°25'54.0""S","047°33'45.0""W","600,0"
SBMQ,AP0001,Alberto Alcolumbre Internacional,MACAPÁ,Amapá,Macapá,Amapá,0.050833333,-51.070278,"00°03'03.0""N","051°04'13.0""W","17,0"
SBVC,BA0005,Glauber de Andrade Rocha,VITÓRIA DA CONQUISTA,Bahia,Vitória da Conquista,Bahia,-14.907778,-40.914722,"14°54'28.0""S","040°54'53.0""W","896,0"
SBLE,BA0006,Horácio de Matos,LENÇÓIS,Bahia,Lençóis,Bahia,-12.482222,-41.276944,"12°28'56.0""S","041°16'37.0""W","506,0"
SNGI,BA0009,Aeródromo de Guanambi,GUANAMBI,Bahia,Guanambi,Bahia,-14.208056,-42.746111,"14°12'29.0""S","042°44'46.0""W","553,0"
SBFZ,CE0001,Pinto Martins,FORTALEZA,Ceará,Fortaleza,Ceará,-3.7758333,-38.532222,"03°46'33.0""S","038°31'56.0""W","25,0"
SNMH,GO0018,Pirenópolis,PIRENÓPOLIS,Goiás,Pirenópolis,Goiás,-15.848056,-48.980278,"15°50'53.0""S","048°58'49.0""W","785,0"
SNYU,MG0014,Aeródromo de Iturama,ITURAMA,Minas Gerais,Iturama,Minas Gerais,-19.717222,-50.220278,"19°43'02.0""S","050°13'13.0""W","475,0"
SBHT,PA0003,Altamira,ALTAMIRA,Pará,Altamira,Pará,-3.2508333,-52.252222,"03°15'03.0""S","052°15'08.0""W","112,0"
SBFN,PE0003,Fernando de Noronha,FERNANDO DE NORONHA,Pernambuco,Fernando de Noronha,Pernambuco,-3.8547222,-32.428333,"03°51'17.0""S","032°25'42.0""W","58,0"
SSUM,PR0019,Orlando de Carvalho,UMUARAMA,Paraná,Umuarama,Paraná,-23.799167,-53.313889,"23°47'57.0""S","053°18'50.0""W","473,0"
SSTE,RS0011,Torres,TORRES,Rio Grande do Sul,Torres,Rio Grande do Sul,-29.415,-49.81,"29°24'54.0""S","049°48'36.0""W","9,0"
SBLJ,SC0007,Lages,LAGES,Santa Catarina,Lages,Santa Catarina,-27.782222,-50.281667,"27°46'56.0""S","050°16'54.0""W","934,0"
SDSC,SP0029,Mário Pereira Lopes,SÃO CARLOS,São Paulo,São Carlos,São Paulo,-21.876389,-47.903333,"21°52'35.0""S","047°54'12.0""W","807,0"
SBGO,GO0001,Santa Genoveva,GOIÂNIA,Goiás,Goiânia,Goiás,-16.6325,-49.221111,"16°37'57.0""S","049°13'16.0""W","747,0"
SBMI,RJ0009,Maricá,MARICÁ,Rio de Janeiro,Maricá,Rio de Janeiro,-22.918056,-42.828889,"22°55'05.0""S","042°49'44.0""W",",0"
SBUL,MG0002,Ten. Cel. Aviador César Bombonato,UBERLÂNDIA,Minas Gerais,Uberlândia,Minas Gerais,-18.883611,-48.225278,"18°53'01.0""S","048°13'31.0""W","943,0"
SBTG,MS0006,Três Lagoas,TRÊS LAGOAS,Mato Grosso do Sul,Três Lagoas,Mato Grosso do Sul,-20.751389,-51.680278,"20°45'05.0""S","051°40'49.0""W","323,0"
SBRF,PE0001,Guararapes - Gilberto Freyre Internacional,RECIFE,Pernambuco,Recife,Pernambuco,-8.1263889,-34.922778,"08°07'35.0""S","034°55'22.0""W","10,0"
SDTP,SP0025,José Vicente Faria Lima,TUPÃ,São Paulo,Tupã,São Paulo,-21.89,-50.505833,"21°53'24.0""S","050°30'21.0""W","550,0"
SSKW,RO0004,Cacoal,CACOAL,Rondônia,Cacoal,Rondônia,-11.495556,-61.450833,"11°29'44.0""S","061°27'03.0""W","249,0"
SNDT,MG0030,Juscelino Kubitscheck,DIAMANTINA,Minas Gerais,Diamantina,Minas Gerais,-18.232222,-43.650278,"18°13'56.0""S","043°39'01.0""W","1356,0"
SBPF,RS0006,Lauro Kurtz,PASSO FUNDO,Rio Grande do Sul,Passo Fundo,Rio Grande do Sul,-28.244167,-52.328333,"28°14'39.0""S","052°19'42.0""W","725,0"
SNLN,ES0002,Municipal de Linhares,LINHARES,Espírito Santo,Linhares,Espírito Santo,-19.355278,-40.071389,"19°21'19.0""S","040°04'17.0""W","42,0"
SBTE,PI0001,Aeroporto de Teresina / Senador Petrônio Portella,TERESINA,Piauí,Teresina,Piauí,-5.0605556,-42.824444,"05°03'38.0""S","042°49'28.0""W","67,0"
SWJW,GO0008,Jataí,JATAÍ,Goiás,Jataí,Goiás,-17.83,-51.775278,"17°49'48.0""S","051°46'31.0""W","771,0"
SNOU,AC0003,Novo Aeródromo de Feijó,FEIJÓ,Acre,Feijó,Acre,-8.1413889,-70.340833,"08°08'29.0""S","070°20'27.0""W","168,0"
SBGW,SP0076,Guaratinguetá,GUARATINGUETÁ,São Paulo,Guaratinguetá,São Paulo,-22.791667,-45.204444,"22°47'30.0""S","045°12'16.0""W","537,0"
SSCI,MS0012,Coxim,COXIM,Mato Grosso do Sul,Coxim,Mato Grosso do Sul,-18.481389,-54.715833,"18°28'53.0""S","054°42'57.0""W","292,0"
SWXM,MT0014,Regional Orlando Villas Boas,MATUPÁ,Mato Grosso,Matupá,Mato Grosso,-10.17,-54.953889,"10°10'12.0""S","054°57'14.0""W","270,0"
SSMJ,MS0020,Maracaju,MARACAJU,Mato Grosso do Sul,Maracaju,Mato Grosso do Sul,-21.633889,-55.145,"21°38'02.0""S","055°08'42.0""W","390,0"
SSIQ,RS0045,Itaqui,ITAQUI,Rio Grande do Sul,Itaqui,Rio Grande do Sul,-29.171944,-56.538333,"29°10'19.0""S","056°32'18.0""W","84,0"
SWBG,MT0009,André Antônio Maggi,PONTES E LACERDA,Mato Grosso,Pontes e Lacerda,Mato Grosso,-15.193333,-59.385278,"15°11'36.0""S","059°23'07.0""W","247,0"
SWKO,AM0010,Coari,COARI,Amazonas,Coari,Amazonas,-4.1338889,-63.131111,"04°08'02.0""S","063°07'52.0""W","40,0"
SBPB,PI0002,Aeroporto Internacional de Parnaíba / Prefeito Doutor João Silva Filho,PARNAÍBA,Piauí,Parnaíba,Piauí,-2.8938889,-41.730278,"02°53'38.0""S","041°43'49.0""W","5,0"
SNGD,PI0005,Guadalupe,GUADALUPE,Piauí,Guadalupe,Piauí,-6.7822222,-43.582222,"06°46'56.0""S","043°34'56.0""W","172,0"
SNNU,MG0041,Nanuque,NANUQUE,Minas Gerais,Nanuque,Minas Gerais,-17.823056,-40.329722,"17°49'23.0""S","040°19'47.0""W","210,0"
SNJK,BA0047,Jequié,JEQUIÉ,Bahia,Jequié,Bahia,-13.877778,-40.071389,"13°52'40.0""S","040°04'17.0""W","197,0"
SIBU,PB0012,Catolé do Rocha,CATOLÉ DO ROCHA,Paraíba,Catolé do Rocha,Paraíba,-6.3625,-37.755278,"06°21'45.0""S","037°45'19.0""W","272,0"
SDTF,SP0050,Tatuí,TATUÍ,São Paulo,Tatuí,São Paulo,-23.331944,-47.88,"23°19'55.0""S","047°52'48.0""W","635,0"
SSCP,PR0015,Francisco Lacerda Júnior,CORNÉLIO PROCÓPIO,Paraná,Cornélio Procópio,Paraná,-23.1525,-50.6025,"23°09'09.0""S","050°36'09.0""W","567,0"
SNLT,PI0010,Paulistana,PAULISTANA,Piauí,Paulistana,Piauí,-8.1663889,-41.153889,"08°09'59.0""S","041°09'14.0""W","360,0"
SSXX,SC0017,Municipal João Winckler,XANXERÊ,Santa Catarina,Xanxerê,Santa Catarina,-26.875556,-52.373056,"26°52'32.0""S","052°22'23.0""W","910,0"
SSAE,RS0040,Arroio Grande,ARROIO GRANDE,Rio Grande do Sul,Arroio Grande,Rio Grande do Sul,-32.229167,-53.055833,"32°13'45.0""S","053°03'21.0""W","49,0"
SJOG,RO0008,Ariquemes,ARIQUEMES,Rondônia,Ariquemes,Rondônia,-9.8805556,-63.047222,"09°52'50.0""S","063°02'50.0""W","142,0"
SSGA,RS0020,Garibaldi,GARIBALDI,Rio Grande do Sul,Garibaldi,Rio Grande do Sul,-29.268333,-51.532222,"29°16'06.0""S","051°31'56.0""W","680,0"
SNNE,MG0078,Sebastião Carlos Leite,SÃO JOÃO NEPOMUCENO,Minas Gerais,São João Nepomuceno,Minas Gerais,-21.542222,-43.021111,"21°32'32.0""S","043°01'16.0""W","403,0"
SNYE,MA0004,Pinheiro,PINHEIRO,Maranhão,Pinheiro,Maranhão,-2.4775,-45.105,"02°28'39.0""S","045°06'18.0""W","20,0"
SNCT,MG0056,Caratinga,UBAPORANGA,Minas Gerais,Ubaporanga,Minas Gerais,-19.725278,-42.111111,"19°43'31.0""S","042°06'40.0""W","599,0"
SNLO,MG0037,São Lourenço,SÃO LOURENÇO,Minas Gerais,São Lourenço,Minas Gerais,-22.091667,-45.045278,"22°05'30.0""S","045°02'43.0""W","875,0"
SSSB,RS0014,São Borja,SÃO BORJA,Rio Grande do Sul,São Borja,Rio Grande do Sul,-28.654722,-56.034722,"28°39'17.0""S","056°02'05.0""W","80,0"
SDFX,BA0054,Casa Nova,CASA NOVA,Bahia,Casa Nova,Bahia,-9.1575,-40.9375,"09°09'27.0""S","040°56'15.0""W","405,0"
SSRU,RS0034,São Lourenço do Sul,SÃO LOURENÇO DO SUL,Rio Grande do Sul,São Lourenço do Sul,Rio Grande do Sul,-31.384722,-52.0325,"31°23'05.0""S","052°01'57.0""W","27,0"
SSEP,RS0031,São Sepé,SÃO SEPÉ,Rio Grande do Sul,São Sepé,Rio Grande do Sul,-30.182222,-53.579444,"30°10'56.0""S","053°34'46.0""W","153,0"
SSIJ,RS0032,Ijuí,IJUÍ,Rio Grande do Sul,Ijuí,Rio Grande do Sul,-28.368611,-53.846389,"28°22'07.0""S","053°50'47.0""W","365,0"
SNIB,BA0045,Itaberaba,ITABERABA,Bahia,Itaberaba,Bahia,-12.499722,-40.270278,"12°29'59.0""S","040°16'13.0""W","283,0"
SBSN,PA0002,Maestro Wilson Fonseca,SANTARÉM,Pará,Santarém,Pará,-2.4247222,-54.785833,"02°25'29.0""S","054°47'09.0""W","60,0"
SNRX,MA0009,Riachão,RIACHÃO,Maranhão,Riachão,Maranhão,-7.3502778,-46.633889,"07°21'01.0""S","046°38'02.0""W","400,0"
SWDM,MT0015,Diamantino,DIAMANTINO,Mato Grosso,Diamantino,Mato Grosso,-14.376667,-56.400556,"14°22'36.0""S","056°24'02.0""W","469,0"
SNOE,PI0008,Oeiras,OEIRAS,Piauí,Oeiras,Piauí,-7.0188889,-42.167222,"07°01'08.0""S","042°10'02.0""W","250,0"
SSVI,SC0011,Ângelo Ponzoni,VIDEIRA,Santa Catarina,Videira,Santa Catarina,-26.999722,-51.141389,"26°59'59.0""S","051°08'29.0""W","840,0"
SNMK,MG0017,Mocambinho,JAÍBA,Minas Gerais,Jaíba,Minas Gerais,-15.093056,-43.979167,"15°05'35.0""S","043°58'45.0""W","450,0"
SNTQ,BA0053,Buritirama,BURITIRAMA,Bahia,Buritirama,Bahia,-10.721667,-43.653611,"10°43'18.0""S","043°39'13.0""W","499,0"
SWCA,AM0007,Carauari,CARAUARI,Amazonas,Carauari,Amazonas,-4.8713889,-66.8975,"04°52'17.0""S","066°53'51.0""W","108,0"
SDIG,SP0038,Ibitinga,IBITINGA,São Paulo,Ibitinga,São Paulo,-21.747222,-48.855833,"21°44'50.0""S","048°51'21.0""W","542,0"
SNIT,BA0046,Ibotirama,IBOTIRAMA,Bahia,Ibotirama,Bahia,-12.168333,-43.2225,"12°10'06.0""S","043°13'21.0""W","422,0"
SWKC,MT0017,Cáceres,CÁCERES,Mato Grosso,Cáceres,Mato Grosso,-16.042778,-57.629722,"16°02'34.0""S","057°37'47.0""W","150,0"
SSPI,PR0010,Edu Chaves,PARANAVAÍ,Paraná,Paranavaí,Paraná,-23.09,-52.488611,"23°05'24.0""S","052°29'19.0""W","474,0"
SSLO,PR0031,Attillio Accorsi,LOANDA,Paraná,Loanda,Paraná,-22.917778,-53.149722,"22°55'04.0""S","053°08'59.0""W","470,0"
SNWS,CE0005,Crateús,CRATEÚS,Ceará,Crateús,Ceará,-5.2111111,-40.704167,"05°12'40.0""S","040°42'15.0""W","318,0"
SSRF,BA0034,Castro Alves,CASTRO ALVES,Bahia,Castro Alves,Bahia,-12.765833,-39.451111,"12°45'57.0""S","039°27'04.0""W","261,0"
SBIC,AM0012,Itacoatiara,ITACOATIARA,Amazonas,Itacoatiara,Amazonas,-3.1263889,-58.481667,"03°07'35.0""S","058°28'54.0""W","43,0"
SWFR,GO0014,Formosa,FORMOSA,Goiás,Formosa,Goiás,-15.556111,-47.345278,"15°33'22.0""S","047°20'43.0""W","965,0"
SDJO,SP0057,São Joaquim da Barra,SÃO JOAQUIM DA BARRA,São Paulo,São Joaquim da Barra,São Paulo,-20.593333,-47.842222,"20°35'36.0""S","047°50'32.0""W","650,0"
SNOX,PA0014,Oriximiná,ORIXIMINÁ,Pará,Oriximiná,Pará,-1.7136111,-55.835833,"01°42'49.0""S","055°50'09.0""W","80,0"
SNSS,MG0029,Salinas,SALINAS,Minas Gerais,Salinas,Minas Gerais,-16.208333,-42.321944,"16°12'30.0""S","042°19'19.0""W","763,0"
SDNH,SP0060,Novo Horizonte,NOVO HORIZONTE,São Paulo,Novo Horizonte,São Paulo,-21.497778,-49.234444,"21°29'52.0""S","049°14'04.0""W","465,0"
SSTB,SC0013,Três Barras,TRÊS BARRAS,Santa Catarina,Três Barras,Santa Catarina,-26.132778,-50.309722,"26°07'58.0""S","050°18'35.0""W","780,0"
SNSE,BA0056,Sento Sé,SENTO SÉ,Bahia,Sento Sé,Bahia,-9.7575,-41.855,"09°45'27.0""S","041°51'18.0""W","398,0"
SNMJ,BA0031,Maracás,MARACÁS,Bahia,Maracás,Bahia,-13.386111,-40.466111,"13°23'10.0""S","040°27'58.0""W","962,0"
SDCA,SP0051,Capão Bonito,CAPÃO BONITO,São Paulo,Capão Bonito,São Paulo,-24.033611,-48.356944,"24°02'01.0""S","048°21'25.0""W","714,0"
SBBR,DF0001,Presidente Juscelino Kubitschek,BRASÍLIA,Distrito Federal,Brasília,Distrito Federal,-15.871111,-47.918611,"15°52'16.0""S","047°55'07.0""W","1066,0"
SWTS,MT0012,Tangará da Serra,TANGARÁ DA SERRA,Mato Grosso,Tangará da Serra,Mato Grosso,-14.661944,-57.443889,"14°39'43.0""S","057°26'38.0""W","449,0"
SBPJ,TO0001,Palmas / Brigadeiro Lysias Rodrigues,PALMAS,Tocantins,Palmas,Tocantins,-10.29,-48.357778,"10°17'24.0""S","048°21'28.0""W","236,0"
SWYN,AM0023,Apuí,APUÍ,Amazonas,Apuí,Amazonas,-7.1722222,-59.838889,"07°10'20.0""S","059°50'20.0""W","60,0"
SNSG,PE0008,Salgueiro,SALGUEIRO,Pernambuco,Salgueiro,Pernambuco,-8.0466667,-39.133889,"08°02'48.0""S","039°08'02.0""W","469,0"
SSGY,PR0023,Guaíra,GUAÍRA,Paraná,Guaíra,Paraná,-24.079722,-54.188056,"24°04'47.0""S","054°11'17.0""W","271,0"
SNVS,PA0015,Breves,BREVES,Pará,Breves,Pará,-1.6363889,-50.443333,"01°38'11.0""S","050°26'36.0""W","30,0"
SSSC,RS0029,Santa Cruz do Sul,SANTA CRUZ DO SUL,Rio Grande do Sul,Santa Cruz do Sul,Rio Grande do Sul,-29.684167,-52.412222,"29°41'03.0""S","052°24'44.0""W","199,0"
SWRO,RO0002,Aeroclube de Rondônia,PORTO VELHO,Rondônia,Porto Velho,Rondônia,-8.7936111,-63.858056,"08°47'37.0""S","063°51'29.0""W","113,0"
SNPC,PI0009,Picos,PICOS,Piauí,Picos,Piauí,-7.0652778,-41.519444,"07°03'55.0""S","041°31'10.0""W","320,0"
SBDN,SP0005,Presidente Prudente,PRESIDENTE PRUDENTE,São Paulo,Presidente Prudente,São Paulo,-22.178333,-51.418889,"22°10'42.0""S","051°25'08.0""W","452,0"
SBTK,AC0004,Tarauacá,TARAUACÁ,Acre,Tarauacá,Acre,-8.1547222,-70.782778,"08°09'17.0""S","070°46'58.0""W","197,0"
SBCD,SC0006,Carlos Alberto da Costa Neves,CAÇADOR,Santa Catarina,Caçador,Santa Catarina,-26.789722,-50.939722,"26°47'23.0""S","050°56'23.0""W","1029,0"
SNBI,MA0005,Bacabal,BACABAL,Maranhão,Bacabal,Maranhão,-4.2280556,-44.819722,"04°13'41.0""S","044°49'11.0""W","20,0"
SSPM,MS0013,Porto Murtinho,PORTO MURTINHO,Mato Grosso do Sul,Porto Murtinho,Mato Grosso do Sul,-21.712778,-57.879167,"21°42'46.0""S","057°52'45.0""W","81,0"
SWPR,GO0029,Pires do Rio,PIRES DO RIO,Goiás,Pires do Rio,Goiás,-17.318889,-48.334722,"17°19'08.0""S","048°20'05.0""W","781,0"
SBPR,MG0005,Carlos Prates,BELO HORIZONTE,Minas Gerais,Belo Horizonte,Minas Gerais,-19.909167,-43.989167,"19°54'33.0""S","043°59'21.0""W","928,0"
SNQV,MG0044,Curvelo,CURVELO,Minas Gerais,Curvelo,Minas Gerais,-18.749444,-44.458056,"18°44'58.0""S","044°27'29.0""W","672,0"
SDMH,SP0059,Mirassol,MIRASSOL,São Paulo,Mirassol,São Paulo,-20.807222,-49.486111,"20°48'26.0""S","049°29'10.0""W","584,0"
SBAU,SP0009,Estadual Dario Guarita,ARAÇATUBA,São Paulo,Araçatuba,São Paulo,-21.144167,-50.426389,"21°08'39.0""S","050°25'35.0""W","414,0"
SDPV,SP0040,Presidente Venceslau,PRESIDENTE VENCESLAU,São Paulo,Presidente Venceslau,São Paulo,-21.893333,-51.884444,"21°53'36.0""S","051°53'04.0""W","445,0"
SNPJ,MG0042,Patrocínio,PATROCÍNIO,Minas Gerais,Patrocínio,Minas Gerais,-18.909167,-46.982778,"18°54'33.0""S","046°58'58.0""W","985,0"
SBIP,MG0007,Usiminas,SANTANA DO PARAÍSO,Minas Gerais,Santana do Paraíso,Minas Gerais,-19.470556,-42.488056,"19°28'14.0""S","042°29'17.0""W","239,0"
SSNH,RS0023,Novo Hamburgo,NOVO HAMBURGO,Rio Grande do Sul,Novo Hamburgo,Rio Grande do Sul,-29.699167,-51.081944,"29°41'57.0""S","051°04'55.0""W","15,0"
SJVO,GO0030,Aragarças,ARAGARÇAS,Goiás,Aragarças,Goiás,-15.899167,-52.245278,"15°53'57.0""S","052°14'43.0""W","323,0"
SSBV,MS0011,Bela Vista,BELA VISTA,Mato Grosso do Sul,Bela Vista,Mato Grosso do Sul,-22.082222,-56.538333,"22°04'56.0""S","056°32'18.0""W","235,0"
SJBY,MA0007,João Silva,SANTA INÊS,Maranhão,Santa Inês,Maranhão,-3.6544444,-45.345278,"03°39'16.0""S","045°20'43.0""W","21,0"
SSSD,RS0017,Soledade,SOLEDADE,Rio Grande do Sul,Soledade,Rio Grande do Sul,-28.863333,-52.540556,"28°51'48.0""S","052°32'26.0""W","673,0"
SDTK,RJ0011,Paraty,PARATY,Rio de Janeiro,Paraty,Rio de Janeiro,-23.223889,-44.723333,"23°13'26.0""S","044°43'24.0""W","3,0"
SDRS,RJ0007,Resende,RESENDE,,Resende,Rio de Janeiro,-22.478611,-44.481667,"22°28'43.0""S","044°28'54.0""W","402,0"
SWEI,AM0009,Eirunepé,EIRUNEPÉ,Amazonas,Eirunepé,Amazonas,-6.6375,-69.883056,"06°38'15.0""S","069°52'59.0""W","122,0"
SSQP,BA0061,Monte Santo,MONTE SANTO,Bahia,Monte Santo,Bahia,-10.465278,-39.286111,"10°27'55.0""S","039°17'10.0""W","443,0"
SNKD,MG0070,Conceição do Mato Dentro,CONCEIÇÃO DO MATO DENTRO,Minas Gerais,Conceição do Mato Dentro,Minas Gerais,-19.020278,-43.433889,"19°01'13.0""S","043°26'02.0""W","669,0"
SSLG,RS0021,São Luiz Gonzaga,SÃO LUIZ GONZAGA,Rio Grande do Sul,São Luiz Gonzaga,Rio Grande do Sul,-28.376389,-55.0375,"28°22'35.0""S","055°02'15.0""W","200,0"
SWDN,TO0006,Dianópolis,DIANÓPOLIS,Tocantins,Dianópolis,Tocantins,-11.595278,-46.847778,"11°35'43.0""S","046°50'52.0""W","730,0"
SNJB,BA0062,Jacobina,JACOBINA,Bahia,Jacobina,Bahia,-11.163056,-40.553333,"11°09'47.0""S","040°33'12.0""W","489,0"
SSCL,MS0018,Cassilândia,CASSILÂNDIA,Mato Grosso do Sul,Cassilândia,Mato Grosso do Sul,-19.146944,-51.676389,"19°08'49.0""S","051°40'35.0""W","481,0"
SNTO,MG0048,Juscelino Kubitscheck,TEÓFILO OTONI,Minas Gerais,Teófilo Otoni,Minas Gerais,-17.890833,-41.515,"17°53'27.0""S","041°30'54.0""W","480,0"
SWVC,MT0016,Vila Rica,VILA RICA,Mato Grosso,Vila Rica,Mato Grosso,-9.9811111,-51.140556,"09°58'52.0""S","051°08'26.0""W","254,0"
SIBW,PB0008,Conceição,CONCEIÇÃO,Paraíba,Conceição,Paraíba,-7.5625,-38.4975,"07°33'45.0""S","038°29'51.0""W","370,0"
SWMW,AM0020,Maués,MAUÉS,Amazonas,Maués,Amazonas,-3.3569444,-57.712222,"03°21'25.0""S","057°42'44.0""W","21,0"
SDVG,SP0026,Domingos Pignatari,VOTUPORANGA,São Paulo,Votuporanga,São Paulo,-20.457222,-50.0025,"20°27'26.0""S","050°00'09.0""W","508,0"
SIZX,MT0018,Juara Sul,JUARA,Mato Grosso,Juara,Mato Grosso,-11.296667,-57.548889,"11°17'48.0""S","057°32'56.0""W","302,0"
SJXI,MG0311,Santa Rita do Sapucaí,SANTA RITA DO SAPUCAÍ,Minas Gerais,Santa Rita do Sapucaí,Minas Gerais,-22.272778,-45.64,"22°16'22.0""S","045°38'24.0""W","882,0"
SNPU,MG0073,Paraguaçu,PARAGUAÇU,Minas Gerais,Paraguaçu,Minas Gerais,-21.561389,-45.754722,"21°33'41.0""S","045°45'17.0""W","898,0"
,GO0028,Morrinhos,MORRINHOS,Goiás,Morrinhos,Goiás,-17.761667,-49.121667,"17°45'42.0""S","049°07'18.0""W","803,0"
SSAB,PR0024,Moisés Lupion,IBAITI,Paraná,Ibaiti,Paraná,-23.763056,-50.259167,"23°45'47.0""S","050°15'33.0""W","600,0"
SDVE,SP0070,Vera Cruz,VERA CRUZ,São Paulo,Vera Cruz,São Paulo,-22.230278,-49.816944,"22°13'49.0""S","049°49'01.0""W","640,0"
SNRZ,MG0049,Oliveira,OLIVEIRA,Minas Gerais,Oliveira,Minas Gerais,-20.714444,-44.865278,"20°42'52.0""S","044°51'55.0""W","1015,0"
SDKJ,BA0025,Formosa do Rio Preto,FORMOSA DO RIO PRETO,Bahia,Formosa do Rio Preto,Bahia,-11.021111,-45.187222,"11°01'16.0""S","045°11'14.0""W","511,0"
SDTI,SP0073,Tupi Paulista,TUPI PAULISTA,São Paulo,Tupi Paulista,São Paulo,-21.393056,-51.598889,"21°23'35.0""S","051°35'56.0""W","365,0"
SSFL,PI0006,João Pereira dos Santos Filho,FRONTEIRAS,Piauí,Fronteiras,Piauí,-7.1,-40.628333,"07°06'00.0""S","040°37'42.0""W","448,0"
SBLP,BA0037,Bom Jesus da Lapa,BOM JESUS DA LAPA,Bahia,Bom Jesus da Lapa,Bahia,-13.261389,-43.4075,"13°15'41.0""S","043°24'27.0""W","443,0"
SNGB,PI0011,Gilbués,GILBUÉS,Piauí,Gilbués,Piauí,-9.8336111,-45.367222,"09°50'01.0""S","045°22'02.0""W","450,0"
SNJP,MG0036,João Pinheiro,JOÃO PINHEIRO,Minas Gerais,João Pinheiro,Minas Gerais,-17.7875,-46.120278,"17°47'15.0""S","046°07'13.0""W","911,0"
SSPS,PR0036,Dimorvan Carraro,PALMAS,Paraná,Palmas,Paraná,-26.472222,-51.975556,"26°28'20.0""S","051°58'32.0""W","1100,0"
SDBA,SP0063,Batatais,BATATAIS,São Paulo,Batatais,São Paulo,-20.876944,-47.585833,"20°52'37.0""S","047°35'09.0""W","881,0"
SSOI,SP0043,Pederneiras,PEDERNEIRAS,São Paulo,Pederneiras,São Paulo,-22.307222,-48.773056,"22°18'26.0""S","048°46'23.0""W","536,0"
SNAG,MG0020,Araguari,ARAGUARI,Minas Gerais,Araguari,Minas Gerais,-18.668056,-48.190278,"18°40'05.0""S","048°11'25.0""W","947,0"
SNBC,MA0006,Barra do Corda,BARRA DO CORDA,Maranhão,Barra do Corda,Maranhão,-5.5025,-45.215833,"05°30'09.0""S","045°12'57.0""W","155,0"
SBPV,RO0001,Governador Jorge Teixeira de Oliveira,PORTO VELHO,Rondônia,Porto Velho,Rondônia,-8.7136111,-63.902778,"08°42'49.0""S","063°54'10.0""W","90,0"
SSCR,PR0016,Ruben Berta,MARECHAL CÂNDIDO RONDON,Paraná,Marechal Cândido Rondon,Paraná,-24.512778,-54.053889,"24°30'46.0""S","054°03'14.0""W","525,0"
SDPY,SP0066,Pirassununga,PIRASSUNUNGA,São Paulo,Pirassununga,São Paulo,-22.027778,-47.421667,"22°01'40.0""S","047°25'18.0""W","683,0"
SDJC,SP0064,Jaboticabal,JABOTICABAL,São Paulo,Jaboticabal,São Paulo,-21.230833,-48.285556,"21°13'51.0""S","048°17'08.0""W","615,0"
SDUN,RJ0008,Itaperuna,ITAPERUNA,Rio de Janeiro,Itaperuna,Rio de Janeiro,-21.219167,-41.875833,"21°13'09.0""S","041°52'33.0""W","110,0"
SNQU,BA0032,Mucugê,MUCUGÊ,Bahia,Mucugê,Bahia,-13.031667,-41.444444,"13°01'54.0""S","041°26'40.0""W","1056,0"
SDFD,SP0054,Coronel Aviador Carlos Orleans Guimarães,FERNANDÓPOLIS,São Paulo,Fernandópolis,São Paulo,-20.276667,-50.213889,"20°16'36.0""S","050°12'50.0""W","499,0"
SNUB,MG0058,Ubá,UBÁ,Minas Gerais,Ubá,Minas Gerais,-21.1225,-42.882222,"21°07'21.0""S","042°52'56.0""W","340,0"
SDNM,MT0047,Brigadeiro Eduardo Gomes,NOVA MUTUM,Mato Grosso,Nova Mutum,Mato Grosso,-13.821111,-56.038611,"13°49'16.0""S","056°02'19.0""W","430,0"
SSMT,RS0044,Mostardas,MOSTARDAS,Rio Grande do Sul,Mostardas,Rio Grande do Sul,-31.104167,-50.912222,"31°06'15.0""S","050°54'44.0""W","18,0"
SNYB,MG0047,Tito Teixeira,ITUIUTABA,Minas Gerais,Ituiutaba,Minas Gerais,-19.001944,-49.487222,"19°00'07.0""S","049°29'14.0""W","605,0"
SBTU,PA0007,Tucuruí,TUCURUÍ,Pará,Tucuruí,Pará,-3.7769444,-49.719722,"03°46'37.0""S","049°43'11.0""W","253,0"
SBUR,MG0009,Mario de Almeida Franco,UBERABA,Minas Gerais,Uberaba,Minas Gerais,-19.764722,-47.966111,"19°45'53.0""S","047°57'58.0""W","809,0"
SNFE,MG0012,Comandante Paschoal Patrocínio Filho,ALFENAS,Minas Gerais,Alfenas,Minas Gerais,-21.431667,-45.933056,"21°25'54.0""S","045°55'59.0""W","875,0"
SSUV,PR0034,José Cleto,UNIÃO DA VITÓRIA,Paraná,União da Vitória,Paraná,-26.231667,-51.068889,"26°13'54.0""S","051°04'08.0""W","752,0"
SDGC,SP0055,Garça,GARÇA,São Paulo,Garça,São Paulo,-22.183611,-49.656111,"22°11'01.0""S","049°39'22.0""W","664,0"
SWTP,AM0022,Santa Izabel do Rio Negro,SANTA ISABEL DO RIO NEGRO,Amazonas,Santa Isabel do Rio Negro,Amazonas,-0.41694444,-65.033889,"00°25'01.0""S","065°02'02.0""W","68,0"
SDAA,SP0045,Araras,ARARAS,São Paulo,Araras,São Paulo,-22.336944,-47.358333,"22°20'13.0""S","047°21'30.0""W","685,0"
SNQX,CE0010,Quixadá,QUIXADÁ,Ceará,Quixadá,Ceará,-4.9788889,-38.987778,"04°58'44.0""S","038°59'16.0""W","225,0"
SDUQ,SP0042,Paraguaçu Paulista,PARAGUAÇU PAULISTA,São Paulo,Paraguaçu Paulista,São Paulo,-22.426944,-50.606944,"22°25'37.0""S","050°36'25.0""W","486,0"
SDRR,SP0028,Avaré-Arandu,AVARÉ,São Paulo,Avaré,São Paulo,-23.092222,-48.987222,"23°05'32.0""S","048°59'14.0""W","798,0"
SSBL,SC0019,Blumenau,BLUMENAU,Santa Catarina,Blumenau,Santa Catarina,-26.832778,-49.093611,"26°49'58.0""S","049°05'37.0""W","18,0"
SBCN,GO0003,Nelson Rodrigues Guimarães,CALDAS NOVAS,Goiás,Caldas Novas,Goiás,-17.724722,-48.61,"17°43'29.0""S","048°36'36.0""W","685,0"
SNBS,MA0010,Balsas,BALSAS,Maranhão,Balsas,Maranhão,-7.5252778,-46.053333,"07°31'31.0""S","046°03'12.0""W","284,0"
SWNK,AM0011,Novo Campo,BOCA DO ACRE,Amazonas,Boca do Acre,Amazonas,-8.8347222,-67.3125,"08°50'05.0""S","067°18'45.0""W","120,0"
SSSZ,PR0033,Sertanópolis,SERTANÓPOLIS,Paraná,Sertanópolis,Paraná,-23.061944,-51.013889,"23°03'43.0""S","051°00'50.0""W","361,0"
SSAN,PR0032,João Galdino,ANDIRÁ,Paraná,Andirá,Paraná,-23.026944,-50.228333,"23°01'37.0""S","050°13'42.0""W","490,0"
SBTT,AM0005,Tabatinga,TABATINGA,Amazonas,Tabatinga,Amazonas,-4.2505556,-69.937778,"04°15'02.0""S","069°56'16.0""W","80,0"
SNUH,MG0054,Piumhi,PIUMHI,Minas Gerais,Piumhi,Minas Gerais,-20.438889,-45.992222,"20°26'20.0""S","045°59'32.0""W","751,0"
SWHT,AM0019,Francisco Correa da Cruz,HUMAITÁ,Amazonas,Humaitá,Amazonas,-7.5336111,-63.050556,"07°32'01.0""S","063°03'02.0""W","70,0"
SWII,AM0013,Ipiranga,SANTO ANTÔNIO DO IÇÁ,Amazonas,Santo Antônio do Içá,Amazonas,-2.9336111,-69.694722,"02°56'01.0""S","069°41'41.0""W","40,0"
SSNQ,MS0016,Nioaque,NIOAQUE,Mato Grosso do Sul,Nioaque,Mato Grosso do Sul,-21.184722,-55.830278,"21°11'05.0""S","055°49'49.0""W","300,0"
SNBA,SP0013,Chafei Amsei,BARRETOS,São Paulo,Barretos,São Paulo,-20.585556,-48.595833,"20°35'08.0""S","048°35'45.0""W","580,0"
SNIE,BA0020,Caetité,CAETITÉ,Bahia,Caetité,Bahia,-14.012222,-42.493889,"14°00'44.0""S","042°29'38.0""W","976,0"
SDAD,SP0046,Everaldo Moraes Barreto,ADAMANTINA,São Paulo,Adamantina,São Paulo,-21.696111,-51.096389,"21°41'46.0""S","051°05'47.0""W","425,0"
SNEB,PA0018,Nagib Demachki,PARAGOMINAS,Pará,Paragominas,Pará,-3.0197222,-47.316389,"03°01'11.0""S","047°18'59.0""W","135,0"
SDBY,SP0032,Bariri,BARIRI,São Paulo,Bariri,São Paulo,-22.069167,-48.706389,"22°04'09.0""S","048°42'23.0""W","493,0"
SNRU,PE0004,Caruaru,CARUARU,Pernambuco,Caruaru,Pernambuco,-8.2844444,-36.010833,"08°17'04.0""S","036°00'39.0""W","576,0"
SBPS,BA0002,Porto Seguro,PORTO SEGURO,Bahia,Porto Seguro,Bahia,-16.438056,-39.077778,"16°26'17.0""S","039°04'40.0""W","51,0"
SNBG,ES0005,Baixo Guandu - Aimorés,BAIXO GUANDU,Espírito Santo,Baixo Guandu,Espírito Santo,-19.498889,-41.041944,"19°29'56.0""S","041°02'31.0""W","80,0"
SBBI,PR0006,Bacacheri,CURITIBA,Paraná,Curitiba,Paraná,-25.403333,-49.233611,"25°24'12.0""S","049°14'01.0""W","932,0"
SSGB,PR0035,Municipal de Guaratuba,GUARATUBA,Paraná,Guaratuba,Paraná,-25.880556,-48.612222,"25°52'50.0""S","048°36'44.0""W","15,0"
SWCZ,GO0024,Ceres,CERES,Goiás,Ceres,Goiás,-15.344722,-49.604722,"15°20'41.0""S","049°36'17.0""W","598,0"
SSRG,SP0030,Aeroporto Estadual de Registro,REGISTRO,São Paulo,Registro,São Paulo,-24.531667,-47.840278,"24°31'54.0""S","047°50'25.0""W","25,0"
SBUA,AM0003,São Gabriel da Cachoeira,SÃO GABRIEL DA CACHOEIRA,Amazonas,São Gabriel da Cachoeira,Amazonas,-0.14805556,-66.985833,"00°08'53.0""S","066°59'09.0""W","76,0"
SSPG,PR0011,Santos Dumont,PARANAGUÁ,Paraná,Paranaguá,Paraná,-25.540556,-48.531111,"25°32'26.0""S","048°31'52.0""W","5,0"
SNCZ,MG0059,Ponte Nova,PONTE NOVA,Minas Gerais,Ponte Nova,Minas Gerais,-20.403056,-42.916667,"20°24'11.0""S","042°55'00.0""W","572,0"
SNAS,MG0022,Três Marias,TRÊS MARIAS,Minas Gerais,Três Marias,Minas Gerais,-18.225,-45.190556,"18°13'30.0""S","045°11'26.0""W","786,0"
SWXV,MT0013,Xavantina,NOVA XAVANTINA,Mato Grosso,Nova Xavantina,Mato Grosso,-14.690833,-52.349167,"14°41'27.0""S","052°20'57.0""W","316,0"
SBOI,AP0002,Oiapoque,OIAPOQUE,Amapá,Oiapoque,Amapá,3.86138889,-51.796111,"03°51'41.0""N","051°47'46.0""W","19,0"
SSMR,PR0026,Manoel Ribas,MANOEL RIBAS,Paraná,Manoel Ribas,Paraná,-24.529444,-51.651667,"24°31'46.0""S","051°39'06.0""W","886,0"
SNBX,BA0028,Barra,BARRA,Bahia,Barra,Bahia,-11.081111,-43.1475,"11°04'52.0""S","043°08'51.0""W","389,0"
SNCA,MG0031,Campo Belo,CAMPO BELO,Minas Gerais,Campo Belo,Minas Gerais,-20.8925,-45.335556,"20°53'33.0""S","045°20'08.0""W","970,0"
SSKK,RS0052,Capão da Canoa,CAPÃO DA CANOA,Rio Grande do Sul,Capão da Canoa,Rio Grande do Sul,-29.763611,-50.036944,"29°45'49.0""S","050°02'13.0""W","10,0"
SSQC,PR0029,Aguinaldo Pereira Lima,SIQUEIRA CAMPOS,Paraná,Siqueira Campos,Paraná,-23.674444,-49.818889,"23°40'28.0""S","049°49'08.0""W","705,0"
SWFX,MT0022,São Félix do Araguaia,SÃO FÉLIX DO ARAGUAIA,Mato Grosso,São Félix do Araguaia,Mato Grosso,-11.631944,-50.688333,"11°37'55.0""S","050°41'18.0""W","198,0"
SDKK,SP0058,Mococa,MOCOCA,São Paulo,Mococa,São Paulo,-21.487222,-47.033889,"21°29'14.0""S","047°02'02.0""W","651,0"
SNPX,MG0028,Pirapora,PIRAPORA,Minas Gerais,Pirapora,Minas Gerais,-17.313889,-44.858611,"17°18'50.0""S","044°51'31.0""W","551,0"
SWPK,MT0021,Poconé,POCONÉ,Mato Grosso,Poconé,Mato Grosso,-16.271667,-56.651111,"16°16'18.0""S","056°39'04.0""W","187,0"
SDCG,AM0016,Senadora Eunice Michiles,SÃO PAULO DE OLIVENÇA,Amazonas,São Paulo de Olivença,Amazonas,-3.4691667,-68.921111,"03°28'09.0""S","068°55'16.0""W","102,0"
SNZR,MG0026,Pedro Rabelo de Souza,PARACATU,Minas Gerais,Paracatu,Minas Gerais,-17.243056,-46.881389,"17°14'35.0""S","046°52'53.0""W","730,0"
SDET,SP0067,Tietê,TIETÊ,São Paulo,Tietê,São Paulo,-23.104722,-47.724444,"23°06'17.0""S","047°43'28.0""W","501,0"
SNBM,MG0051,Cristiano Ferreira Varella,MURIAÉ,Minas Gerais,Muriaé,Minas Gerais,-21.128889,-42.366944,"21°07'44.0""S","042°22'01.0""W","270,0"
SSCT,PR0025,Engenheiro Gastão de Mesquita Filho,CIANORTE,Paraná,Cianorte,Paraná,-23.691667,-52.642222,"23°41'30.0""S","052°38'32.0""W","539,0"
SNEE,RS0004,Vacaria Novo,VACARIA,Rio Grande do Sul,Vacaria,Rio Grande do Sul,-28.431944,-51.022778,"28°25'55.0""S","051°01'22.0""W","914,0"
SNQD,PB0006,Sousa,SOUSA,Paraíba,Sousa,Paraíba,-6.7855556,-38.233889,"06°47'08.0""S","038°14'02.0""W","272,0"
SSST,RS0015,Santiago,SANTIAGO,Rio Grande do Sul,Santiago,Rio Grande do Sul,-29.215,-54.842222,"29°12'54.0""S","054°50'32.0""W","445,0"
SSKS,RS0039,Brigadeiro Nero Moura,CACHOEIRA DO SUL,Rio Grande do Sul,Cachoeira do Sul,Rio Grande do Sul,-30.002222,-52.940278,"30°00'08.0""S","052°56'25.0""W","77,0"
SSEZ,RS0050,Espumoso,ESPUMOSO,Rio Grande do Sul,Espumoso,Rio Grande do Sul,-28.738056,-52.855556,"28°44'17.0""S","052°51'20.0""W","390,0"
SBUG,RS0012,Rubem Berta,URUGUAIANA,Rio Grande do Sul,Uruguaiana,Rio Grande do Sul,-29.783333,-57.036944,"29°47'00.0""S","057°02'13.0""W","78,0"
SDBB,SP0018,Bebedouro,BEBEDOURO,São Paulo,Bebedouro,São Paulo,-20.900278,-48.473611,"20°54'01.0""S","048°28'25.0""W","592,0"
SWTY,TO0009,Taguatinga,TAGUATINGA,Tocantins,Taguatinga,Tocantins,-12.433889,-46.400556,"12°26'02.0""S","046°24'02.0""W","597,0"
SWUD,MG0069,Deputado Oswaldo Tolentino,CLÁUDIO,Minas Gerais,Cláudio,Minas Gerais,-20.445833,-44.812778,"20°26'45.0""S","044°48'46.0""W","820,0"
SWUA,GO0011,São Miguel do Araguaia,SÃO MIGUEL DO ARAGUAIA,Goiás,São Miguel do Araguaia,Goiás,-13.333889,-50.205833,"13°20'02.0""S","050°12'21.0""W","384,0"
SSRZ,RS0024,Dário Brasil Capoano de Oliveira,ROSÁRIO DO SUL,Rio Grande do Sul,Rosário do Sul,Rio Grande do Sul,-30.2775,-54.925278,"30°16'39.0""S","054°55'31.0""W","102,0"
SJTS,PA0028,Terra Santa,TERRA SANTA,Pará,Terra Santa,Pará,-2.0727778,-56.488889,"02°04'22.0""S","056°29'20.0""W","25,0"
SSHZ,RS0037,Walter Bündchen,HORIZONTINA,Rio Grande do Sul,Horizontina,Rio Grande do Sul,-27.638333,-54.338889,"27°38'18.0""S","054°20'20.0""W","310,0"
SDMO,SP0068,Monte Alto,MONTE ALTO,São Paulo,Monte Alto,São Paulo,-21.258056,-48.524167,"21°15'29.0""S","048°31'27.0""W","750,0"
SIBZ,PB0010,Itaporanga,ITAPORANGA,Paraíba,Itaporanga,Paraíba,-7.3111111,-38.113611,"07°18'40.0""S","038°06'49.0""W","292,0"
SWBC,AM0017,Barcelos,BARCELOS,Amazonas,Barcelos,Amazonas,-0.98083333,-62.918889,"00°58'51.0""S","062°55'08.0""W","34,0"
SBVH,RO0003,Vilhena,VILHENA,Rondônia,Vilhena,Rondônia,-12.694167,-60.097222,"12°41'39.0""S","060°05'50.0""W","615,0"
SNIG,CE0007,Iguatu,IGUATU,Ceará,Iguatu,Ceará,-6.3477778,-39.298611,"06°20'52.0""S","039°17'55.0""W","213,0"
SWWU,GO0013,Uruaçu,URUAÇU,Goiás,Uruaçu,Goiás,-14.544722,-49.091111,"14°32'41.0""S","049°05'28.0""W","520,0"
SNUN,MG0055,Unaí,UNAÍ,Minas Gerais,Unaí,Minas Gerais,-16.353889,-46.926944,"16°21'14.0""S","046°55'37.0""W","609,0"
SWEK,MT0024,Canarana,CANARANA,Mato Grosso,Canarana,Mato Grosso,-13.5775,-52.268056,"13°34'39.0""S","052°16'05.0""W","398,0"
SNBZ,BA0042,Paramirim,PARAMIRIM,Bahia,Paramirim,Bahia,-13.490556,-42.229167,"13°29'26.0""S","042°13'45.0""W","639,0"
SILC,MT0025,Aeroporto Municipal Bom Futuro,LUCAS DO RIO VERDE,Mato Grosso,Lucas do Rio Verde,Mato Grosso,-13.037778,-55.950278,"13°02'16.0""S","055°57'01.0""W","414,0"
SSSS,SC0022,São Francisco do Sul,SÃO FRANCISCO DO SUL,Santa Catarina,São Francisco do Sul,Santa Catarina,-26.221111,-48.564444,"26°13'16.0""S","048°33'52.0""W","15,0"
SNTM,MG0068,Turmalina,TURMALINA,Minas Gerais,Turmalina,Minas Gerais,-17.233889,-42.733889,"17°14'02.0""S","042°44'02.0""W","882,0"
SWJN,MT0007,Juína,JUÍNA,Mato Grosso,Juína,Mato Grosso,-11.419444,-58.71,"11°25'10.0""S","058°42'36.0""W","330,0"
SSIE,MS0002,Teruel Ipanema Estância,CAMPO GRANDE,Mato Grosso do Sul,Campo Grande,Mato Grosso do Sul,-20.603889,-54.595278,"20°36'14.0""S","054°35'43.0""W","528,0"
SNVC,MG0074,Viçosa,VIÇOSA,Minas Gerais,Viçosa,Minas Gerais,-20.744722,-42.841944,"20°44'41.0""S","042°50'31.0""W","659,0"
SNMR,BA0065,Maraú,MARAÚ,Bahia,Maraú,Bahia,-14.117222,-38.983889,"14°07'02.0""S","038°59'02.0""W","20,0"
SNUC,RN0003,Açu,AÇU,Rio Grande do Norte,Açu,Rio Grande do Norte,-5.595,-36.960833,"05°35'42.0""S","036°57'39.0""W","111,0"
SSGW,PR0037,Manoel Ribas,GOIOERÊ,Paraná,Goioerê,Paraná,-24.219722,-53.043889,"24°13'11.0""S","053°02'38.0""W","491,0"
SNKN,RN0004,Currais Novos,CURRAIS NOVOS,Rio Grande do Norte,Currais Novos,Rio Grande do Norte,-6.2808333,-36.540278,"06°16'51.0""S","036°32'25.0""W","367,0"
SIBY,PB0009,Lourival Nunes de Farias,MONTEIRO,Paraíba,Monteiro,Paraíba,-7.8783333,-37.136667,"07°52'42.0""S","037°08'12.0""W","622,0"
SNRD,BA0048,Prado,PRADO,Bahia,Prado,Bahia,-17.296944,-39.271944,"17°17'49.0""S","039°16'19.0""W","27,0"
SDH2,MT0662,Porto Alegre do Norte,PORTO ALEGRE DO NORTE,Mato Grosso,Porto Alegre do Norte,Mato Grosso,-10.918056,-51.608889,"10°55'05.0""S","051°36'32.0""W","217,0"
SWUZ,GO0025,Brigadeiro Araripe Macedo,LUZIÂNIA,Goiás,Luziânia,Goiás,-16.261667,-47.968611,"16°15'42.0""S","047°58'07.0""W","996,0"
SSPN,MS0010,Paranaíba,PARANAÍBA,Mato Grosso do Sul,Paranaíba,Mato Grosso do Sul,-19.651111,-51.199444,"19°39'04.0""S","051°11'58.0""W","442,0"
SNYA,PA0024,Aeródromo Público de Almeirim,ALMEIRIM,Pará,Almeirim,Pará,-1.4791667,-52.578056,"01°28'45.0""S","052°34'41.0""W","178,0"
SNJO,PB0002,Aeroclube de João Pessoa,JOÃO PESSOA,Paraíba,João Pessoa,Paraíba,-7.0916667,-34.841944,"07°05'30.0""S","034°50'31.0""W","6,0"
SJGU,TO0005,Araguatins,ARAGUATINS,Tocantins,Araguatins,Tocantins,-5.6844444,-48.115556,"05°41'04.0""S","048°06'56.0""W","125,0"
SNAP,MG0021,Janaúba,JANAÚBA,Minas Gerais,Janaúba,Minas Gerais,-15.731944,-43.323056,"15°43'55.0""S","043°19'23.0""W","532,0"
,MS0563,Nova Andradina,NOVA ANDRADINA,Mato Grosso do Sul,Nova Andradina,Mato Grosso do Sul,-22.1625,-53.330278,"22°09'45.0""S","053°19'49.0""W","419,0"
SBTB,PA0012,Trombetas,ORIXIMINÁ,Pará,Oriximiná,Pará,-1.4897222,-56.396944,"01°29'23.0""S","056°23'49.0""W","51,0"
SSOS,RS0042,Osório,OSÓRIO,Rio Grande do Sul,Osório,Rio Grande do Sul,-29.902222,-50.249167,"29°54'08.0""S","050°14'57.0""W","17,0"
SSAK,RS0048,Carlos Ruhl,CRUZ ALTA,Rio Grande do Sul,Cruz Alta,Rio Grande do Sul,-28.658611,-53.611389,"28°39'31.0""S","053°36'41.0""W","481,0"
SJQN,GO0006,Quirinópolis,QUIRINÓPOLIS,Goiás,Quirinópolis,Goiás,-18.446111,-50.409167,"18°26'46.0""S","050°24'33.0""W","586,0"
SWPY,MT0023,Primavera do Leste,PRIMAVERA DO LESTE,Mato Grosso,Primavera do Leste,Mato Grosso,-15.565556,-54.337778,"15°33'56.0""S","054°20'16.0""W","655,0"
SNIO,BA0010,Cipó,CIPÓ,Bahia,Cipó,Bahia,-11.125278,-38.486944,"11°07'31.0""S","038°29'13.0""W","223,0"
SNFX,PA0013,São Félix do Xingu,SÃO FÉLIX DO XINGU,Pará,São Félix do Xingu,Pará,-6.6413889,-51.952222,"06°38'29.0""S","051°57'08.0""W","183,0"
SBMY,AM0015,Manicoré,MANICORÉ,Amazonas,Manicoré,Amazonas,-5.8169444,-61.283889,"05°49'01.0""S","061°17'02.0""W","53,0"
SSWS,RS0025,Caçapava do Sul,CAÇAPAVA DO SUL,Rio Grande do Sul,Caçapava do Sul,Rio Grande do Sul,-30.549444,-53.459167,"30°32'58.0""S","053°27'33.0""W","400,0"
SSBN,RS0002,Belém Novo,PORTO ALEGRE,Rio Grande do Sul,Porto Alegre,Rio Grande do Sul,-30.189167,-51.1825,"30°11'21.0""S","051°10'57.0""W","5,0"
SNJQ,MG0053,Jequitinhonha,JEQUITINHONHA,Minas Gerais,Jequitinhonha,Minas Gerais,-16.441389,-41.037222,"16°26'29.0""S","041°02'14.0""W","234,0"
SBCI,MA0003,Brigadeiro Lysias Augusto Rodrigues,CAROLINA,Maranhão,Carolina,Maranhão,-7.3205556,-47.458611,"07°19'14.0""S","047°27'31.0""W","172,0"
SWLB,AM0024,Lábrea,LÁBREA,Amazonas,Lábrea,Amazonas,-7.2788889,-64.769444,"07°16'44.0""S","064°46'10.0""W","74,0"
SNDC,PA0030,Redenção,REDENÇÃO,Pará,Redenção,Pará,-8.0311111,-49.979722,"08°01'52.0""S","049°58'47.0""W","207,0"
SBAA,PA0008,Conceição do Araguaia,CONCEIÇÃO DO ARAGUAIA,Pará,Conceição do Araguaia,Pará,-8.3486111,-49.303056,"08°20'55.0""S","049°18'11.0""W","199,0"
SNPA,MG0052,Pará de Minas,PARÁ DE MINAS,Minas Gerais,Pará de Minas,Minas Gerais,-19.8425,-44.600833,"19°50'33.0""S","044°36'03.0""W","839,0"
SBAR,SE0001,Santa Maria,ARACAJU,Sergipe,Aracaju,Sergipe,-10.985278,-37.073333,"10°59'07.0""S","037°04'24.0""W","7,0"
SSAQ,RS0036,Aeroclube de Passo Fundo,PASSO FUNDO,Rio Grande do Sul,Passo Fundo,Rio Grande do Sul,-28.250556,-52.516667,"28°15'02.0""S","052°31'00.0""W","600,0"
SWFN,AM0002,Flores,MANAUS,Amazonas,Manaus,Amazonas,-3.0727778,-60.021111,"03°04'22.0""S","060°01'16.0""W","62,0"
SNMN,MG0075,Minas Novas,MINAS NOVAS,Minas Gerais,Minas Novas,Minas Gerais,-17.233889,-42.583889,"17°14'02.0""S","042°35'02.0""W","750,0"
SSJA,SC0014,Santa Terezinha,JOAÇABA,Santa Catarina,Joaçaba,Santa Catarina,-27.172778,-51.551667,"27°10'22.0""S","051°33'06.0""W","776,0"
SWCB,GO0023,Campos Belos,CAMPOS BELOS,Goiás,Campos Belos,Goiás,-13.006944,-46.710833,"13°00'25.0""S","046°42'39.0""W","690,0"
SWNH,GO0017,Aruanã,ARUANÃ,Goiás,Aruanã,Goiás,-14.933056,-51.048333,"14°55'59.0""S","051°02'54.0""W","250,0"
SNMZ,PA0020,Porto de Moz,PORTO DE MOZ,Pará,Porto de Moz,Pará,-1.7413889,-52.235833,"01°44'29.0""S","052°14'09.0""W","16,0"
SNOF,MG0057,Ouro Fino,OURO FINO,Minas Gerais,Ouro Fino,Minas Gerais,-22.2975,-46.393333,"22°17'51.0""S","046°23'36.0""W","859,0"
SDXJ,MS0017,Costa Rica,COSTA RICA,Mato Grosso do Sul,Costa Rica,Mato Grosso do Sul,-18.491389,-53.168333,"18°29'29.0""S","053°10'06.0""W","738,0"
SNCS,CE0009,Campos Sales,CAMPOS SALES,Ceará,Campos Sales,Ceará,-7.0516667,-40.358333,"07°03'06.0""S","040°21'30.0""W","615,0"
SNED,BA0023,Sócrates Rezende,CANAVIEIRAS,Bahia,Canavieiras,Bahia,-15.666389,-38.955278,"15°39'59.0""S","038°57'19.0""W","6,0"
SNXQ,BA0018,Xique-Xique,XIQUE-XIQUE,Bahia,Xique-Xique,Bahia,-10.834167,-42.683333,"10°50'03.0""S","042°41'00.0""W","427,0"
SWCQ,RO0007,Costa Marques,COSTA MARQUES,Rondônia,Costa Marques,Rondônia,-12.421667,-64.251667,"12°25'18.0""S","064°15'06.0""W","169,0"
SSPL,RS0043,Palmeira das Missões,PALMEIRA DAS MISSÕES,Rio Grande do Sul,Palmeira das Missões,Rio Grande do Sul,-27.901667,-53.328889,"27°54'06.0""S","053°19'44.0""W","635,0"
SDUB,SP0065,Estadual Gastão Madeira,UBATUBA,São Paulo,Ubatuba,São Paulo,-23.441389,-45.076111,"23°26'29.0""S","045°04'34.0""W","3,0"
SWNQ,GO0016,Niquelândia,NIQUELÂNDIA,Goiás,Niquelândia,Goiás,-14.436389,-48.491944,"14°26'11.0""S","048°29'31.0""W","840,0"
SDIV,SP0056,Ituverava,ITUVERAVA,São Paulo,Ituverava,São Paulo,-20.375278,-47.768611,"20°22'31.0""S","047°46'07.0""W","623,0"
SNAR,MG0033,Cirilo Queiróz,ALMENARA,Minas Gerais,Almenara,Minas Gerais,-16.183889,-40.667222,"16°11'02.0""S","040°40'02.0""W","195,0"
SBMD,PA0009,Monte Dourado,ALMEIRIM,Pará,Almeirim,Pará,-0.88972222,-52.602222,"00°53'23.0""S","052°36'08.0""W","206,0"
SNRP,MG0066,Rio Paranaíba,RIO PARANAÍBA,Minas Gerais,Rio Paranaíba,Minas Gerais,-19.2125,-46.240556,"19°12'45.0""S","046°14'26.0""W","1145,0"
SWME,GO0033,Mineiros,MINEIROS,Goiás,Mineiros,Goiás,-17.551944,-52.556111,"17°33'07.0""S","052°33'22.0""W","825,0"
SWOB,AM0014,Fonte Boa,FONTE BOA,Amazonas,Fonte Boa,Amazonas,-2.5336111,-66.067222,"02°32'01.0""S","066°04'02.0""W","63,0"
SWBR,AM0018,Borba,BORBA,Amazonas,Borba,Amazonas,-4.4086111,-59.597778,"04°24'31.0""S","059°35'52.0""W","90,0"
SDLY,SP0071,Armando Natali,MATÃO,São Paulo,Matão,São Paulo,-21.624167,-48.350833,"21°37'27.0""S","048°21'03.0""W","635,0"
SNIP,BA0057,Itapetinga,ITAPETINGA,Bahia,Itapetinga,Bahia,-15.244444,-40.277222,"15°14'40.0""S","040°16'38.0""W","270,0"
SSQT,PR0013,Major Neodo S. Pereira,CASTRO,Paraná,Castro,Paraná,-24.8075,-49.960278,"24°48'27.0""S","049°57'37.0""W","1010,0"
SSSG,RS0035,São Gabriel,SÃO GABRIEL,Rio Grande do Sul,São Gabriel,Rio Grande do Sul,-30.345,-54.267778,"30°20'42.0""S","054°16'04.0""W","145,0"
SSPT,PR0028,Brasílio Marques,PALOTINA,Paraná,Palotina,Paraná,-24.343333,-53.828611,"24°20'36.0""S","053°49'43.0""W","373,0"
SNJM,MG0050,Elias Breder,MANHUAÇU,Minas Gerais,Manhuaçu,Minas Gerais,-20.259722,-42.183889,"20°15'35.0""S","042°11'02.0""W","829,0"
SNZA,MG0038,Pouso Alegre,POUSO ALEGRE,Minas Gerais,Pouso Alegre,Minas Gerais,-22.288889,-45.919444,"22°17'20.0""S","045°55'10.0""W","885,0"
SSIR,RS0049,Ibirubá,IBIRUBÁ,Rio Grande do Sul,Ibirubá,Rio Grande do Sul,-28.604167,-53.078611,"28°36'15.0""S","053°04'43.0""W","457,0"
SNTI,PA0016,Óbidos,ÓBIDOS,Pará,Óbidos,Pará,-1.8680556,-55.514444,"01°52'05.0""S","055°30'52.0""W","100,0"
SNLI,MG0040,Doutor José Mourão,ABAETÉ,Minas Gerais,Abaeté,Minas Gerais,-19.157222,-45.495833,"19°09'26.0""S","045°29'45.0""W","664,0"
SNVD,BA0050,Santa Maria da Vitória,SANTA MARIA DA VITÓRIA,Bahia,Santa Maria da Vitória,Bahia,-13.404722,-44.223056,"13°24'17.0""S","044°13'23.0""W","465,0"
SSLT,RS0022,Gaudêncio Machado Ramos,ALEGRETE,Rio Grande do Sul,Alegrete,Rio Grande do Sul,-29.8125,-55.893333,"29°48'45.0""S","055°53'36.0""W","125,0"
SSRE,PR0030,Realeza,REALEZA,Paraná,Realeza,Paraná,-25.801111,-53.513056,"25°48'04.0""S","053°30'47.0""W","501,0"
SDOV,GO0005,Mozarlândia,MOZARLÂNDIA,Goiás,Mozarlândia,Goiás,-14.768889,-50.565,"14°46'08.0""S","050°33'54.0""W","328,0"
SNAB,PE0009,Araripina,ARARIPINA,Pernambuco,Araripina,Pernambuco,-7.5863889,-40.535278,"07°35'11.0""S","040°32'07.0""W","669,0"
SDLL,SP0048,Yolanda Penteado,LEME,São Paulo,Leme,São Paulo,-22.225833,-47.380833,"22°13'33.0""S","047°22'51.0""W","627,0"
SNFO,MG0060,Formiga,FORMIGA,Minas Gerais,Formiga,Minas Gerais,-20.395278,-45.486667,"20°23'43.0""S","045°29'12.0""W","1017,0"
SWKQ,PI0004,Serra da Capivara/São Raimundo Nonato,SÃO RAIMUNDO NONATO,Piauí,São Raimundo Nonato,Piauí,-9.0827778,-42.644444,"09°04'58.0""S","042°38'40.0""W","415,0"
SBRP,SP0004,Leite Lopes,RIBEIRÃO PRETO,São Paulo,Ribeirão Preto,São Paulo,-21.136389,-47.776667,"21°08'11.0""S","047°46'36.0""W","550,0"
SNUI,MG0045,Araçuaí,ARAÇUAÍ,Minas Gerais,Araçuaí,Minas Gerais,-16.851944,-42.046111,"16°51'07.0""S","042°02'46.0""W","328,0"
SDXF,GO0020,Alto Paraíso de Goiás,ALTO PARAÍSO DE GOIÁS,Goiás,Alto Paraíso de Goiás,Goiás,-14.119167,-47.530278,"14°07'09.0""S","047°31'49.0""W","1345,0"
SSER,RS0018,Erechim,ERECHIM,Rio Grande do Sul,Erechim,Rio Grande do Sul,-27.66,-52.276111,"27°39'36.0""S","052°16'34.0""W","761,0"
SSJI,MS0019,Jardim,JARDIM,Mato Grosso do Sul,Jardim,Mato Grosso do Sul,-21.492778,-56.152778,"21°29'34.0""S","056°09'10.0""W","321,0"
SWIQ,GO0019,Minaçu,MINAÇU,Goiás,Minaçu,Goiás,-13.550556,-48.200556,"13°33'02.0""S","048°12'02.0""W","427,0"
SNGG,PI0007,Bom Jesus do Gurguéia,BOM JESUS,Piauí,Bom Jesus,Piauí,-9.0594444,-44.369167,"09°03'34.0""S","044°22'09.0""W","338,0"
SWTO,TO0008,Paraíso do Tocantins,PARAÍSO DO TOCANTINS,Tocantins,Paraíso do Tocantins,Tocantins,-10.173889,-48.932778,"10°10'26.0""S","048°55'58.0""W","353,0"
SSEE,RS0054,Regional do Vale do Taquari,ESTRELA,Rio Grande do Sul,Estrela,Rio Grande do Sul,-29.453333,-51.934167,"29°27'12.0""S","051°56'03.0""W","32,0"
SNSM,PA0029,Salinópolis,SALINÓPOLIS,Pará,Salinópolis,Pará,-0.69694444,-47.337778,"00°41'49.0""S","047°20'16.0""W","27,0"
SSRS,MA0008,Barreirinhas,BARREIRINHAS,Maranhão,Barreirinhas,Maranhão,-2.7566667,-42.804444,"02°45'24.0""S","042°48'16.0""W","4,0"
SSJK,RS0028,Júlio de Castilhos,TUPANCIRETÃ,Rio Grande do Sul,Júlio de Castilhos,Rio Grande do Sul,-29.153056,-53.743333,"29°09'11.0""S","053°44'36.0""W","498,0"
SICB,PB0007,Pedro Simões Pimenta,CUITÉ,Paraíba,Cuité,Paraíba,-6.4875,-36.14,"06°29'15.0""S","036°08'24.0""W","652,0"
SNRM,BA0022,Remanso,REMANSO,Bahia,Remanso,Bahia,-9.58,-42.115833,"09°34'48.0""S","042°06'57.0""W","406,0"
SDMJ,SP0022,Mogi Mirim,MOGI MIRIM,São Paulo,Moji Mirim,São Paulo,-22.410833,-46.905556,"22°24'39.0""S","046°54'20.0""W","695,0"
SNKF,MG0071,Das Bandeirinhas,CONSELHEIRO LAFAIETE,Minas Gerais,Conselheiro Lafaiete,Minas Gerais,-20.738611,-43.798056,"20°44'19.0""S","043°47'53.0""W","1057,0"
SNSI,MG0076,Santa Maria do Suaçuí,JOSÉ RAYDAN,Minas Gerais,Santa Maria do Suaçuí,Minas Gerais,-18.198611,-42.466111,"18°11'55.0""S","042°27'58.0""W","480,0"
SDPD,SP0072,Pindamonhangaba,PINDAMONHANGABA,São Paulo,Pindamonhangaba,São Paulo,-22.943889,-45.431944,"22°56'38.0""S","045°25'55.0""W","574,0"
SDEP,SP0052,Geraldo Moacir Bordon,PRESIDENTE EPITÁCIO,São Paulo,Presidente Epitácio,São Paulo,-21.775,-52.143611,"21°46'30.0""S","052°08'37.0""W","297,0"
SBEK,PA0011,Jacareacanga,JACAREACANGA,Pará,Jacareacanga,Pará,-6.2352778,-57.775833,"06°14'07.0""S","057°46'33.0""W","90,0"
SSVL,PR0007,Telêmaco Borba,TELÊMACO BORBA,Paraná,Telêmaco Borba,Paraná,-24.316389,-50.652222,"24°18'59.0""S","050°39'08.0""W","796,0"
SSVN,RS0030,Veranópolis,VERANÓPOLIS,Rio Grande do Sul,Veranópolis,Rio Grande do Sul,-28.935556,-51.567778,"28°56'08.0""S","051°34'04.0""W","676,0"
SSNB,MS0015,Ariosto da Riva,NAVIRAÍ,Mato Grosso do Sul,Naviraí,Mato Grosso do Sul,-23.041389,-54.185,"23°02'29.0""S","054°11'06.0""W","405,0"
SNPQ,PE0010,Pesqueira,PESQUEIRA,Pernambuco,Pesqueira,Pernambuco,-8.3741667,-36.637778,"08°22'27.0""S","036°38'16.0""W","630,0"
SBTC,BA0067,Hotel Transamérica,UNA,Bahia,Una,Bahia,-15.353333,-38.997222,"15°21'12.0""S","038°59'50.0""W","7,0"
SBNV,GO0002,Aeródromo Nacional de Aviação,GOIÂNIA,Goiás,Goiânia,Goiás,-16.625556,-49.349444,"16°37'32.0""S","049°20'58.0""W","831,0"
SDTB,SP0069,Atibaia,ATIBAIA,São Paulo,Atibaia,São Paulo,-23.128333,-46.574722,"23°07'42.0""S","046°34'29.0""W","797,0"
SBSM,RS0003,Santa Maria,SANTA MARIA,Rio Grande do Sul,Santa Maria,Rio Grande do Sul,-29.710833,-53.692222,"29°42'39.0""S","053°41'32.0""W","88,0"
SDAE,SP0053,São Pedro,SÃO PEDRO,São Paulo,São Pedro,São Paulo,-22.583611,-47.896111,"22°35'01.0""S","047°53'46.0""W","566,0"
SSNP,RS0041,Nova Prata,NOVA PRATA,Rio Grande do Sul,Nova Prata,Rio Grande do Sul,-28.8025,-51.604167,"28°48'09.0""S","051°36'15.0""W","690,0"
SWPG,MT0010,Porto dos Gaúchos,NOVO HORIZONTE DO NORTE,Mato Grosso,Porto dos Gaúchos,Mato Grosso,-11.516944,-57.333889,"11°31'01.0""S","057°20'02.0""W","400,0"
SNIU,BA0030,Ipiaú,IPIAÚ,Bahia,Ipiaú,Bahia,-14.173333,-39.684167,"14°10'24.0""S","039°41'03.0""W","132,0"
SBCH,SC0003,Serafin Enoss Bertaso,CHAPECÓ,Santa Catarina,Chapecó,Santa Catarina,-27.133889,-52.661944,"27°08'02.0""S","052°39'43.0""W","654,0"
SDAG,RJ0010,Angra Dos Reis,ANGRA DOS REIS,Rio de Janeiro,Angra dos Reis,Rio de Janeiro,-22.975278,-44.307222,"22°58'31.0""S","044°18'26.0""W","3,0"
SNMA,PA0019,Monte Alegre,MONTE ALEGRE,Pará,Monte Alegre,Pará,-1.9966667,-54.071389,"01°59'48.0""S","054°04'17.0""W","99,0"
